NAME,GEOID,STUSPS,O,H,G,pre1970,USDA Plants,BONAP,Nature Serve,anyRecord
Houston,01069,AL,NA,NA,NA,NA,NA,NA,NA,0
Choctaw,01023,AL,NA,NA,NA,NA,NA,NA,NA,0
Russell,01113,AL,NA,2,NA,NA,1,1,NA,4
Sussex,10005,DE,2,2,NA,NA,NA,1,NA,5
Jackson,01071,AL,NA,NA,NA,NA,NA,NA,NA,0
Madison,01089,AL,NA,NA,NA,NA,NA,NA,NA,0
New Castle,10003,DE,NA,2,NA,2,1,1,NA,4
Western Connecticut,09190,CT,9,17,NA,3,NA,NA,NA,26
Elbert,13105,GA,NA,NA,NA,NA,NA,NA,NA,0
Murray,13213,GA,NA,NA,NA,NA,NA,NA,NA,0
Livingston,17105,IL,NA,NA,NA,NA,NA,NA,NA,0
Rock Island,17161,IL,NA,NA,NA,NA,NA,NA,NA,0
Lake,18089,IN,NA,6,NA,NA,1,1,NA,8
Mason,17125,IL,NA,NA,NA,NA,NA,NA,NA,0
Bronx,36005,NY,1,7,NA,5,1,1,NA,10
Westchester,36119,NY,19,14,NA,5,1,1,NA,35
Madison,36053,NY,NA,1,NA,NA,1,1,NA,3
Whitley,21235,KY,1,NA,NA,NA,NA,NA,NA,1
Providence,44007,RI,9,9,NA,6,1,1,NA,20
Erie,36029,NY,NA,NA,NA,NA,NA,NA,NA,0
Saratoga,36091,NY,NA,1,NA,NA,NA,1,NA,2
Talladega,01121,AL,NA,NA,NA,NA,NA,NA,NA,0
Letcher,21133,KY,NA,NA,NA,NA,NA,NA,NA,0
Cuyahoga,39035,OH,2,NA,NA,NA,1,1,NA,4
Hamilton,39061,OH,1,1,NA,NA,1,1,NA,4
Macon,01087,AL,NA,NA,NA,NA,NA,NA,NA,0
Crenshaw,01041,AL,NA,NA,NA,NA,NA,NA,NA,0
Baltimore,24005,MD,NA,6,NA,1,NA,1,NA,7
Dorchester,24019,MD,2,3,NA,2,NA,1,NA,6
Charles,24017,MD,NA,7,NA,4,NA,1,NA,8
Cecil,24015,MD,NA,2,NA,NA,NA,1,NA,3
Barnstable,25001,MA,13,8,NA,1,1,1,NA,23
Middlesex,25017,MA,31,23,NA,7,1,1,NA,56
Marquette,26103,MI,NA,1,NA,NA,1,1,NA,3
Gogebic,26053,MI,NA,NA,NA,NA,NA,NA,NA,0
Monroe,26115,MI,NA,NA,NA,NA,NA,NA,NA,0
Presque Isle,26141,MI,NA,NA,NA,NA,NA,NA,NA,0
Adams,28001,MS,NA,NA,NA,NA,NA,NA,NA,0
Lowndes,28087,MS,NA,NA,NA,NA,NA,NA,NA,0
Tunica,28143,MS,NA,NA,NA,NA,NA,NA,NA,0
Tippah,28139,MS,NA,NA,NA,NA,NA,NA,NA,0
Strafford,33017,NH,1,17,4,10,1,1,NA,24
Atlantic,34001,NJ,1,4,NA,3,1,1,NA,7
Cape May,34009,NJ,1,14,NA,14,1,1,NA,17
Warren,34041,NJ,NA,11,NA,9,1,1,NA,13
Hunterdon,34019,NJ,1,7,NA,6,1,1,NA,10
Monmouth,34025,NJ,1,5,NA,4,1,1,NA,8
Middlesex,34023,NJ,NA,3,NA,1,1,1,NA,5
Essex,36031,NY,NA,1,NA,1,NA,1,NA,2
Columbus,37047,NC,NA,1,NA,NA,NA,NA,NA,1
Cherokee,37039,NC,1,2,NA,NA,1,1,NA,5
Polk,37149,NC,NA,NA,NA,NA,NA,1,NA,1
Ashe,37009,NC,NA,3,NA,NA,1,1,NA,5
Dare,37055,NC,NA,NA,NA,NA,NA,1,NA,1
Hertford,37091,NC,NA,1,NA,NA,NA,NA,NA,1
Washington,39167,OH,NA,NA,NA,NA,NA,NA,NA,0
Lancaster,42071,PA,2,32,NA,24,1,1,NA,36
Northampton,42095,PA,1,44,NA,43,1,1,NA,47
Washington,44009,RI,56,15,NA,8,1,1,NA,73
Beaufort,45013,SC,NA,1,NA,NA,NA,1,NA,2
Horry,45051,SC,NA,2,NA,NA,NA,1,NA,3
York,45091,SC,NA,1,NA,NA,NA,1,NA,2
Shelby,47157,TN,1,NA,NA,NA,NA,1,NA,2
Sumner,47165,TN,NA,NA,NA,NA,1,1,NA,2
Carter,47019,TN,NA,NA,NA,NA,NA,NA,NA,0
Monroe,47123,TN,NA,NA,NA,NA,NA,NA,NA,0
Campbell,47013,TN,NA,NA,NA,NA,NA,NA,NA,0
Northumberland,51133,VA,NA,NA,NA,NA,1,1,NA,2
Westmoreland,51193,VA,NA,1,NA,NA,1,1,NA,3
Gloucester,51073,VA,NA,NA,NA,NA,1,1,NA,2
Loudoun,51107,VA,1,1,NA,NA,1,1,NA,4
Pittsylvania,51143,VA,NA,NA,NA,NA,1,1,NA,2
Halifax,51083,VA,NA,NA,NA,NA,1,1,NA,2
Ashland,55003,WI,NA,NA,NA,NA,NA,NA,NA,0
Iron,55051,WI,NA,NA,NA,NA,NA,NA,NA,0
Pierce,13229,GA,NA,NA,NA,NA,NA,NA,NA,0
Sumter,13261,GA,NA,NA,NA,NA,NA,1,NA,1
Bibb,13021,GA,NA,1,NA,NA,1,1,NA,3
Henry,13151,GA,NA,NA,NA,NA,NA,NA,NA,0
Madison,13195,GA,NA,NA,NA,NA,NA,NA,NA,0
Taliaferro,13265,GA,NA,NA,NA,NA,NA,NA,NA,0
Tattnall,13267,GA,NA,NA,NA,NA,NA,NA,NA,0
Putnam,13237,GA,NA,NA,NA,NA,NA,NA,NA,0
Oconee,13219,GA,NA,NA,NA,NA,NA,NA,NA,0
Mitchell,13205,GA,NA,NA,NA,NA,NA,NA,NA,0
Miller,13201,GA,NA,NA,NA,NA,NA,NA,NA,0
Edwards,17047,IL,NA,NA,NA,NA,NA,NA,NA,0
Clinton,17027,IL,NA,NA,NA,NA,NA,NA,NA,0
Fayette,18041,IN,NA,NA,NA,NA,NA,NA,NA,0
Huntington,18069,IN,NA,NA,NA,NA,NA,NA,NA,0
Larue,21123,KY,NA,NA,NA,NA,NA,NA,NA,0
Johnson,21115,KY,NA,NA,NA,NA,1,1,NA,2
Jackson,21109,KY,NA,NA,NA,NA,NA,NA,NA,0
Morgan,21175,KY,NA,NA,NA,NA,NA,NA,NA,0
Bath,21011,KY,NA,NA,NA,NA,NA,NA,NA,0
Wayne,21231,KY,NA,NA,NA,NA,NA,1,NA,1
Edmonson,21061,KY,NA,NA,NA,NA,NA,1,NA,1
Menifee,21165,KY,NA,NA,NA,NA,NA,NA,NA,0
Oscoda,26135,MI,NA,NA,NA,NA,NA,NA,NA,0
Yazoo,28163,MS,NA,NA,NA,NA,NA,NA,NA,0
Madison,28089,MS,NA,NA,NA,NA,NA,NA,NA,0
Newton,28101,MS,NA,NA,NA,NA,NA,NA,NA,0
Warren,36113,NY,NA,NA,NA,NA,1,1,NA,2
Chenango,36017,NY,1,1,NA,NA,NA,1,NA,3
Livingston,36051,NY,NA,NA,NA,NA,NA,NA,NA,0
Wilkes,37193,NC,NA,3,NA,NA,NA,1,NA,4
Rowan,37159,NC,NA,NA,NA,NA,NA,NA,NA,0
Henderson,37089,NC,NA,3,NA,NA,1,1,NA,5
Sampson,37163,NC,NA,NA,NA,NA,NA,NA,NA,0
Mitchell,37121,NC,NA,1,NA,NA,1,1,NA,3
Harrison,39067,OH,NA,NA,NA,NA,NA,NA,NA,0
Fayette,42051,PA,NA,24,NA,7,1,1,NA,26
Westmoreland,42129,PA,NA,19,NA,7,1,1,NA,21
Cameron,42023,PA,NA,1,NA,NA,1,1,NA,3
Kershaw,45055,SC,NA,NA,NA,NA,NA,NA,NA,0
Clarendon,45027,SC,NA,NA,NA,NA,NA,NA,NA,0
Calhoun,45017,SC,NA,NA,NA,NA,NA,NA,NA,0
Anderson,47001,TN,NA,NA,NA,NA,NA,NA,NA,0
Wilson,47189,TN,NA,NA,NA,NA,NA,NA,NA,0
Perry,47135,TN,NA,NA,NA,NA,NA,NA,NA,0
Dyer,47045,TN,NA,NA,NA,NA,NA,1,NA,1
Cocke,47029,TN,NA,NA,NA,NA,NA,1,NA,1
Fentress,47049,TN,NA,NA,NA,NA,NA,1,NA,1
Humphreys,47085,TN,NA,NA,NA,NA,NA,NA,NA,0
White,47185,TN,NA,2,NA,NA,1,1,NA,4
Moore,47127,TN,NA,NA,NA,NA,NA,NA,NA,0
Louisa,51109,VA,NA,1,NA,1,1,1,NA,3
Botetourt,51023,VA,NA,1,NA,NA,NA,1,NA,2
Fauquier,51061,VA,NA,55,NA,25,1,1,NA,57
Amherst,51009,VA,NA,2,NA,2,1,1,NA,4
Roanoke,51161,VA,NA,NA,NA,NA,1,1,NA,2
Southampton,51175,VA,NA,NA,NA,NA,1,1,NA,2
Madison,51113,VA,NA,NA,NA,NA,NA,1,NA,1
Juneau,55057,WI,NA,NA,NA,NA,NA,NA,NA,0
Eau Claire,55035,WI,NA,NA,NA,NA,NA,NA,NA,0
Jefferson,01073,AL,NA,NA,NA,NA,NA,NA,NA,0
South Central Connecticut,09170,CT,5,17,NA,12,NA,NA,NA,22
Southeastern Connecticut,09180,CT,9,9,NA,2,NA,NA,NA,18
Cullman,01043,AL,NA,NA,NA,NA,NA,NA,NA,0
Chatham,13051,GA,NA,NA,NA,NA,NA,NA,NA,0
Lowndes,13185,GA,NA,NA,NA,NA,NA,1,NA,1
Brooks,13027,GA,NA,NA,NA,NA,NA,NA,NA,0
Charlton,13049,GA,NA,NA,NA,NA,NA,NA,NA,0
Will,17197,IL,NA,NA,NA,NA,NA,NA,NA,0
Richmond,13245,GA,NA,2,NA,NA,NA,1,NA,3
Rabun,13241,GA,NA,11,NA,NA,1,1,NA,13
Houston,13153,GA,NA,NA,NA,NA,NA,NA,NA,0
Colbert,01033,AL,NA,NA,NA,NA,NA,NA,NA,0
McCreary,21147,KY,NA,NA,NA,NA,1,1,NA,2
Stanly,37167,NC,NA,NA,NA,NA,1,1,NA,2
Anson,37007,NC,NA,NA,NA,NA,NA,NA,NA,0
Robeson,37155,NC,NA,1,NA,1,NA,NA,NA,1
Monroe,01099,AL,NA,NA,NA,NA,NA,NA,NA,0
Lewis,21135,KY,NA,NA,NA,NA,NA,NA,NA,0
York,23031,ME,2,11,NA,9,1,1,NA,15
Washington,23029,ME,NA,NA,NA,NA,NA,NA,NA,0
Aroostook,23003,ME,NA,NA,NA,NA,NA,NA,NA,0
Talbot,24041,MD,NA,NA,NA,NA,NA,1,NA,1
St. Mary's,24037,MD,2,1,NA,NA,NA,1,NA,4
Somerset,24039,MD,NA,NA,NA,NA,NA,NA,NA,0
Wilcox,01131,AL,NA,NA,NA,NA,NA,NA,NA,0
Caroline,24011,MD,NA,1,NA,NA,NA,1,NA,2
Prince George's,24033,MD,7,40,NA,19,NA,1,NA,48
Allegany,24001,MD,3,1,NA,NA,NA,1,NA,5
Hale,01065,AL,NA,NA,NA,NA,NA,1,NA,1
Niagara,36063,NY,1,NA,NA,NA,NA,NA,NA,1
New Hanover,37129,NC,NA,NA,NA,NA,NA,NA,NA,0
Pender,37141,NC,NA,NA,NA,NA,NA,1,NA,1
Onslow,37133,NC,NA,NA,NA,NA,NA,1,NA,1
Clay,37043,NC,NA,NA,NA,NA,1,1,NA,2
Macon,37113,NC,NA,28,NA,27,1,1,NA,30
Transylvania,37175,NC,1,2,NA,1,1,1,NA,5
Craven,37049,NC,NA,NA,NA,NA,NA,1,NA,1
Pamlico,37137,NC,NA,NA,NA,NA,NA,NA,NA,0
Tyrrell,37177,NC,NA,NA,NA,NA,NA,1,NA,1
Currituck,37053,NC,NA,NA,NA,NA,NA,NA,NA,0
Northampton,37131,NC,1,NA,NA,NA,NA,NA,NA,1
Graham,37075,NC,NA,NA,NA,NA,1,1,NA,2
Erie,39043,OH,NA,NA,NA,NA,1,1,NA,2
York,42133,PA,3,8,NA,7,1,1,NA,13
Bucks,42017,PA,2,32,4,14,1,1,NA,40
Erie,42049,PA,3,1,NA,NA,1,1,NA,6
Wayne,42127,PA,NA,1,NA,1,1,1,NA,3
Chester,42029,PA,2,20,NA,18,1,1,NA,24
Monroe,42089,PA,1,12,NA,10,1,1,NA,15
Greenville,45045,SC,NA,10,NA,6,NA,1,NA,11
Chesterfield,45025,SC,NA,NA,NA,NA,NA,1,NA,1
Suffolk,25025,MA,NA,3,NA,2,1,1,NA,5
Norfolk,25021,MA,20,7,NA,7,1,1,NA,29
Hampden,25013,MA,6,2,NA,2,1,1,NA,10
Delta,26041,MI,NA,NA,NA,NA,NA,NA,NA,0
Alger,26003,MI,NA,NA,NA,NA,NA,NA,NA,0
Pike,28113,MS,NA,NA,NA,NA,NA,NA,NA,0
Washington,28151,MS,NA,NA,NA,NA,NA,1,NA,1
Issaquena,28055,MS,NA,NA,NA,NA,NA,NA,NA,0
DeSoto,28033,MS,NA,NA,NA,NA,NA,NA,NA,0
Claiborne,28021,MS,NA,1,NA,NA,NA,1,NA,2
Jefferson,36045,NY,NA,NA,NA,NA,NA,NA,NA,0
Pulaski,17153,IL,NA,NA,NA,NA,NA,NA,NA,0
Edgar,17045,IL,NA,NA,NA,NA,NA,NA,NA,0
Spencer,18147,IN,NA,NA,NA,NA,NA,NA,NA,0
Posey,18129,IN,NA,NA,NA,NA,NA,NA,NA,0
Passaic,34031,NJ,NA,1,NA,1,1,1,NA,3
Wayne,26163,MI,NA,NA,NA,NA,NA,NA,NA,0
Union,18161,IN,NA,NA,NA,NA,NA,NA,NA,0
Delaware,18035,IN,1,NA,NA,NA,1,1,NA,3
Menominee,26109,MI,NA,NA,NA,NA,NA,NA,NA,0
Kings,36047,NY,1,NA,NA,NA,1,1,NA,3
Marengo,01091,AL,NA,NA,NA,NA,NA,NA,NA,0
Montgomery,01101,AL,NA,1,NA,NA,NA,NA,NA,1
Marshall,01095,AL,NA,1,NA,NA,NA,NA,NA,1
Oswego,36075,NY,NA,NA,NA,NA,NA,1,NA,1
Breckinridge,21027,KY,NA,NA,NA,NA,NA,NA,NA,0
Orange,36071,NY,3,6,NA,1,1,1,NA,11
Martin,21159,KY,NA,NA,NA,NA,NA,NA,NA,0
Menominee,55078,WI,NA,NA,NA,NA,NA,NA,NA,0
Rush,18139,IN,NA,NA,NA,NA,NA,NA,NA,0
Henry,18065,IN,NA,NA,NA,NA,NA,NA,NA,0
Daviess,18027,IN,NA,NA,NA,NA,NA,NA,NA,0
Jackson,18071,IN,NA,2,NA,2,1,1,NA,4
Washington,18175,IN,NA,NA,NA,NA,NA,NA,NA,0
Nelson,21179,KY,NA,NA,NA,NA,NA,NA,NA,0
Ohio,21183,KY,NA,NA,NA,NA,NA,NA,NA,0
Hopkins,21107,KY,NA,NA,NA,NA,NA,NA,NA,0
Scott,21209,KY,NA,NA,NA,NA,NA,NA,NA,0
Garrard,21079,KY,NA,NA,NA,NA,1,1,NA,2
Breathitt,21025,KY,NA,NA,NA,NA,NA,NA,NA,0
Mercer,21167,KY,NA,NA,NA,NA,NA,NA,NA,0
Bell,21013,KY,NA,NA,NA,NA,NA,NA,NA,0
Owen,21187,KY,NA,NA,NA,NA,NA,NA,NA,0
Tipton,47167,TN,NA,NA,NA,NA,NA,1,NA,1
Giles,47055,TN,NA,NA,NA,NA,NA,NA,NA,0
Hamilton,47065,TN,NA,3,NA,NA,NA,1,NA,4
Sevier,47155,TN,NA,NA,NA,NA,NA,1,NA,1
Greene,47059,TN,NA,NA,NA,NA,1,1,NA,2
Robertson,47147,TN,NA,NA,NA,NA,NA,NA,NA,0
Blount,47009,TN,1,NA,NA,NA,NA,NA,NA,1
Windsor,50027,VT,NA,NA,NA,NA,1,1,NA,2
Tazewell,51185,VA,NA,NA,NA,NA,NA,NA,NA,0
Washington,51191,VA,NA,2,NA,NA,NA,1,NA,3
Dickenson,51051,VA,NA,1,NA,NA,NA,NA,NA,1
Northampton,51131,VA,1,NA,NA,NA,1,1,NA,3
Stafford,51179,VA,NA,1,NA,NA,1,1,NA,3
Lancaster,51103,VA,NA,NA,NA,NA,1,1,NA,2
Richmond,51159,VA,NA,2,NA,1,1,1,NA,4
Augusta,51015,VA,NA,2,NA,NA,1,1,NA,4
Surry,51181,VA,NA,NA,NA,NA,NA,1,NA,1
Fairfax,51059,VA,4,14,NA,5,1,1,NA,20
Frederick,51069,VA,NA,1,NA,1,1,1,NA,3
Crawford,55023,WI,NA,NA,NA,NA,NA,NA,NA,0
Buffalo,55011,WI,NA,NA,NA,NA,NA,NA,NA,0
Trempealeau,55121,WI,NA,NA,NA,NA,NA,NA,NA,0
Fulton,13121,GA,NA,NA,NA,NA,NA,NA,NA,0
Barrow,13013,GA,NA,2,NA,NA,NA,1,NA,3
Jefferson,13163,GA,NA,NA,NA,NA,NA,NA,NA,0
Baldwin,13009,GA,NA,NA,NA,NA,NA,NA,NA,0
Toombs,13279,GA,NA,NA,NA,NA,NA,NA,NA,0
Appling,13001,GA,NA,NA,NA,NA,NA,NA,NA,0
Bleckley,13023,GA,NA,NA,NA,NA,NA,NA,NA,0
Greene,13133,GA,NA,NA,NA,NA,NA,NA,NA,0
White,13311,GA,NA,1,NA,NA,NA,1,NA,2
Warren,13301,GA,NA,NA,NA,NA,NA,NA,NA,0
Wilcox,13315,GA,NA,NA,NA,NA,NA,NA,NA,0
Wayne,13305,GA,NA,NA,NA,NA,NA,NA,NA,0
Twiggs,13289,GA,NA,NA,NA,NA,NA,NA,NA,0
Schley,13249,GA,NA,NA,NA,NA,NA,NA,NA,0
De Witt,17039,IL,NA,NA,NA,NA,NA,NA,NA,0
Somerset,34035,NJ,8,1,NA,NA,1,1,NA,11
Harnett,37085,NC,NA,2,NA,NA,1,1,NA,4
Moore,37125,NC,NA,3,NA,1,NA,1,NA,4
Martin,37117,NC,NA,2,NA,NA,NA,1,NA,3
Cumberland,37051,NC,NA,NA,NA,NA,NA,NA,NA,0
Davie,37059,NC,NA,NA,NA,NA,NA,NA,NA,0
Halifax,37083,NC,NA,NA,NA,NA,NA,NA,NA,0
Caldwell,37027,NC,NA,1,NA,NA,1,1,NA,3
Nash,37127,NC,NA,1,NA,NA,NA,1,NA,2
Bertie,37015,NC,NA,NA,NA,NA,NA,1,NA,1
Hoke,37093,NC,NA,NA,NA,NA,1,1,NA,2
Bedford,47003,TN,NA,NA,NA,NA,NA,NA,NA,0
Gibson,47053,TN,NA,NA,NA,NA,NA,NA,NA,0
Crockett,47033,TN,NA,NA,NA,NA,NA,NA,NA,0
Union,47173,TN,NA,NA,NA,NA,NA,NA,NA,0
Coffee,47031,TN,6,3,NA,NA,1,1,NA,11
Maury,47119,TN,NA,NA,NA,NA,NA,NA,NA,0
Meigs,47121,TN,NA,NA,NA,NA,NA,NA,NA,0
McMinn,47107,TN,NA,NA,NA,NA,NA,NA,NA,0
Loudon,47105,TN,NA,NA,NA,NA,NA,NA,NA,0
Putnam,47141,TN,NA,NA,NA,NA,NA,1,NA,1
Hickman,47081,TN,NA,NA,NA,NA,NA,NA,NA,0
Henry,47079,TN,NA,NA,NA,NA,NA,NA,NA,0
Grainger,47057,TN,NA,NA,NA,NA,NA,NA,NA,0
Smith,47159,TN,NA,NA,NA,NA,NA,NA,NA,0
Huron,39077,OH,NA,NA,NA,NA,NA,NA,NA,0
Hardin,39065,OH,NA,NA,NA,NA,NA,NA,NA,0
Montgomery,42091,PA,6,9,NA,8,1,1,NA,17
Dauphin,42043,PA,NA,4,NA,3,1,1,NA,6
Centre,42027,PA,NA,1,NA,NA,1,1,NA,3
Clearfield,42033,PA,NA,3,NA,1,1,1,NA,5
Indiana,42063,PA,NA,6,NA,4,1,1,NA,8
Clarion,42031,PA,NA,NA,NA,NA,NA,NA,NA,0
Clinton,42035,PA,NA,1,NA,1,1,1,NA,3
Huntingdon,42061,PA,NA,6,NA,5,1,1,NA,8
Sullivan,42113,PA,NA,1,NA,1,1,1,NA,3
Richland,45079,SC,NA,2,NA,NA,NA,1,NA,3
Greenwood,45047,SC,NA,NA,NA,NA,NA,1,NA,1
Union,45087,SC,NA,NA,NA,NA,NA,1,NA,1
Newberry,45071,SC,NA,NA,NA,NA,NA,NA,NA,0
Hampton,45049,SC,NA,NA,NA,NA,NA,NA,NA,0
Allendale,45005,SC,NA,NA,NA,NA,NA,NA,NA,0
Rhea,47143,TN,NA,1,NA,NA,NA,1,NA,2
Knox,47093,TN,NA,NA,NA,NA,NA,NA,NA,0
Knott,21119,KY,NA,NA,NA,NA,NA,NA,NA,0
Allen,21003,KY,NA,NA,NA,NA,NA,NA,NA,0
Livingston,21139,KY,NA,NA,NA,NA,NA,NA,NA,0
Crittenden,21055,KY,NA,NA,NA,NA,NA,NA,NA,0
Woodford,21239,KY,NA,NA,NA,NA,NA,NA,NA,0
Perry,21193,KY,NA,NA,NA,NA,NA,NA,NA,0
Nicholas,21181,KY,NA,NA,NA,NA,NA,NA,NA,0
Owsley,21189,KY,NA,NA,NA,NA,NA,NA,NA,0
Harrison,21097,KY,NA,NA,NA,NA,NA,NA,NA,0
Elliott,21063,KY,NA,NA,NA,NA,NA,NA,NA,0
Howard,24027,MD,NA,2,NA,1,NA,1,NA,3
Gladwin,26051,MI,NA,NA,NA,NA,NA,NA,NA,0
Leflore,28083,MS,NA,NA,NA,NA,NA,NA,NA,0
Stone,28131,MS,NA,NA,NA,NA,NA,NA,NA,0
Holmes,28051,MS,NA,NA,NA,NA,NA,NA,NA,0
Wilkinson,28157,MS,NA,NA,NA,NA,NA,NA,NA,0
Calhoun,28013,MS,NA,NA,NA,NA,NA,NA,NA,0
Brunswick,37019,NC,NA,NA,NA,NA,NA,1,NA,1
Mecklenburg,37119,NC,NA,2,NA,NA,NA,1,NA,3
Person,37145,NC,NA,NA,NA,NA,1,1,NA,2
Williams,39171,OH,NA,NA,NA,NA,NA,NA,NA,0
Washington,42125,PA,NA,NA,NA,NA,1,1,NA,2
Newport,44005,RI,5,5,NA,1,1,1,NA,12
Anderson,45007,SC,NA,NA,NA,NA,1,1,NA,2
Spartanburg,45083,SC,NA,NA,NA,NA,NA,1,NA,1
Weakley,47183,TN,NA,NA,NA,NA,NA,NA,NA,0
Essex,50009,VT,NA,NA,NA,NA,NA,NA,NA,0
Patrick,51141,VA,NA,3,NA,1,1,1,NA,5
Buchanan,51027,VA,NA,1,NA,NA,NA,NA,NA,1
Isle of Wight,51093,VA,NA,NA,NA,NA,1,1,NA,2
James City,51095,VA,NA,2,NA,NA,1,1,NA,4
Marinette,55075,WI,NA,NA,NA,NA,NA,NA,NA,0
Lunenburg,51111,VA,NA,NA,NA,NA,NA,1,NA,1
Spotsylvania,51177,VA,NA,NA,NA,NA,1,1,NA,2
Henrico,51087,VA,NA,NA,NA,NA,1,1,NA,2
King William,51101,VA,NA,NA,NA,NA,1,1,NA,2
Pulaski,51155,VA,1,1,NA,NA,NA,1,NA,3
Warren,51187,VA,NA,NA,NA,NA,NA,1,NA,1
Orange,51137,VA,NA,NA,NA,NA,NA,1,NA,1
Franklin,51067,VA,NA,1,NA,NA,1,1,NA,3
Page,51139,VA,NA,NA,NA,NA,1,1,NA,2
New Kent,51127,VA,NA,2,NA,NA,1,1,NA,4
Nelson,51125,VA,NA,3,NA,NA,1,1,NA,5
Powhatan,51145,VA,NA,2,NA,NA,1,1,NA,4
Goochland,51075,VA,NA,NA,NA,NA,1,1,NA,2
Charlotte,51037,VA,NA,NA,NA,NA,1,1,NA,2
Floyd,51063,VA,NA,NA,NA,NA,1,1,NA,2
King and Queen,51097,VA,NA,3,NA,2,1,1,NA,5
Sauk,55111,WI,NA,NA,NA,NA,NA,NA,NA,0
Sawyer,55113,WI,NA,NA,NA,NA,NA,NA,NA,0
Adams,55001,WI,NA,NA,NA,NA,NA,NA,NA,0
Baldwin,01003,AL,NA,NA,NA,NA,NA,NA,NA,0
Barbour,01005,AL,NA,NA,NA,NA,NA,NA,NA,0
Washington,01129,AL,NA,NA,NA,NA,NA,NA,NA,0
Pickens,01107,AL,NA,NA,NA,NA,NA,NA,NA,0
DeKalb,01049,AL,NA,NA,NA,NA,NA,NA,NA,0
Greenup,21089,KY,NA,NA,NA,NA,NA,NA,NA,0
Capitol,09110,CT,20,29,NA,15,NA,NA,NA,49
Camden,13039,GA,NA,NA,NA,NA,NA,NA,NA,0
Lincoln,13181,GA,NA,NA,NA,NA,NA,NA,NA,0
Whitfield,13313,GA,NA,NA,NA,NA,NA,NA,NA,0
Burke,13033,GA,NA,NA,NA,NA,NA,NA,NA,0
Alexander,17003,IL,NA,NA,NA,NA,NA,NA,NA,0
Perry,18123,IN,NA,NA,NA,NA,NA,NA,NA,0
Macomb,26099,MI,NA,NA,NA,NA,NA,NA,NA,0
St. Clair,26147,MI,NA,NA,NA,NA,NA,NA,NA,0
New York,36061,NY,3,59,NA,NA,1,1,NA,64
Autauga,01001,AL,NA,NA,NA,NA,NA,NA,NA,0
Clarke,01025,AL,NA,NA,NA,NA,NA,NA,NA,0
Nassau,36059,NY,11,1,NA,1,1,1,NA,14
Harlan,21095,KY,NA,NA,NA,NA,1,1,NA,2
Ulster,36111,NY,17,2,NA,1,1,1,NA,21
Lawrence,21127,KY,NA,NA,NA,NA,NA,NA,NA,0
Dallas,01047,AL,NA,NA,NA,NA,NA,NA,NA,0
Lincoln,23015,ME,2,NA,NA,NA,1,1,NA,4
Conecuh,01035,AL,NA,NA,NA,NA,NA,NA,NA,0
Calvert,24009,MD,NA,NA,NA,NA,NA,1,NA,1
Washington,24043,MD,NA,1,NA,NA,NA,NA,NA,1
Grand Traverse,26055,MI,NA,1,NA,NA,NA,NA,NA,1
Baraga,26013,MI,NA,NA,NA,NA,NA,NA,NA,0
Iron,26071,MI,NA,NA,NA,NA,NA,NA,NA,0
Noxubee,28103,MS,NA,1,NA,NA,NA,1,NA,2
Salem,34033,NJ,1,5,NA,5,NA,1,NA,7
Camden,34007,NJ,1,13,NA,12,1,1,NA,16
Gloucester,34015,NJ,3,11,NA,11,NA,1,NA,15
Haywood,37087,NC,NA,2,NA,NA,1,1,NA,4
Buncombe,37021,NC,1,1,NA,NA,NA,1,NA,3
Edgecombe,37065,NC,NA,NA,NA,NA,NA,NA,NA,0
Allegheny,42003,PA,NA,4,NA,4,1,1,NA,6
Cumberland,42041,PA,4,4,NA,2,1,1,NA,10
Juniata,42067,PA,NA,1,NA,1,1,1,NA,3
Orangeburg,45075,SC,NA,1,NA,NA,NA,NA,NA,1
Marion,45067,SC,NA,NA,NA,NA,NA,NA,NA,0
Bamberg,45009,SC,NA,NA,NA,NA,NA,NA,NA,0
Lake,17097,IL,NA,NA,NA,NA,NA,1,NA,1
Waldo,23027,ME,NA,NA,NA,NA,1,1,NA,2
Oxford,23017,ME,NA,4,NA,2,1,1,NA,6
Harford,24025,MD,1,4,NA,2,NA,1,NA,6
Worcester,24047,MD,1,1,NA,NA,NA,1,NA,3
Anne Arundel,24003,MD,3,3,NA,1,NA,1,NA,7
Garrett,24023,MD,NA,NA,NA,NA,NA,1,NA,1
Camden,37029,NC,NA,NA,NA,NA,NA,NA,NA,0
Rutherford,37161,NC,NA,1,NA,NA,NA,1,NA,2
Van Wert,39161,OH,NA,NA,NA,NA,NA,NA,NA,0
Somerset,42111,PA,NA,1,NA,NA,1,1,NA,3
Delaware,42045,PA,NA,5,NA,5,1,1,NA,7
Pike,42103,PA,1,1,1,NA,NA,1,NA,4
Charleston,45019,SC,NA,1,NA,NA,1,1,NA,3
Aiken,45003,SC,NA,4,NA,NA,1,1,NA,6
Cherokee,45021,SC,NA,NA,NA,NA,NA,1,NA,1
Lancaster,45057,SC,NA,2,NA,NA,NA,1,NA,3
Pearl River,28109,MS,NA,NA,NA,NA,NA,NA,NA,0
Hamblen,47063,TN,NA,NA,NA,NA,1,1,NA,2
Williamson,47187,TN,1,NA,NA,NA,NA,NA,NA,1
Marshall,47117,TN,NA,NA,NA,NA,NA,NA,NA,0
Albemarle,51003,VA,NA,NA,NA,NA,1,1,NA,2
Winchester,51840,VA,NA,NA,NA,NA,NA,NA,NA,0
Rockbridge,51163,VA,NA,1,NA,NA,NA,1,NA,2
Price,55099,WI,NA,NA,NA,NA,NA,NA,NA,0
Naugatuck Valley,09140,CT,4,7,NA,6,NA,NA,NA,11
Washington,13303,GA,NA,NA,NA,NA,NA,NA,NA,0
Jackson,13157,GA,NA,NA,NA,NA,NA,NA,NA,0
Wheeler,13309,GA,NA,NA,NA,NA,NA,NA,NA,0
Lamar,13171,GA,NA,1,NA,NA,1,1,NA,3
Oglethorpe,13221,GA,NA,1,NA,NA,1,1,NA,3
Wilkes,13317,GA,NA,NA,NA,NA,NA,NA,NA,0
Crawford,13079,GA,NA,NA,NA,NA,NA,NA,NA,0
Hancock,13141,GA,NA,NA,NA,NA,NA,1,NA,1
Brantley,13025,GA,NA,NA,NA,NA,NA,NA,NA,0
Stark,17175,IL,NA,NA,NA,NA,NA,NA,NA,0
Pike,18125,IN,NA,NA,NA,NA,NA,NA,NA,0
Fayette,21067,KY,NA,NA,NA,NA,NA,NA,NA,0
Clark,21049,KY,NA,NA,NA,NA,NA,NA,NA,0
Clay,21051,KY,NA,NA,NA,NA,NA,NA,NA,0
Carter,21043,KY,NA,NA,NA,NA,NA,NA,NA,0
Washington,21229,KY,NA,NA,NA,NA,NA,NA,NA,0
Caldwell,21033,KY,NA,NA,NA,NA,NA,NA,NA,0
Hampshire,25015,MA,7,5,NA,3,1,1,NA,14
Kalkaska,26079,MI,NA,NA,NA,NA,NA,NA,NA,0
Hinds,28049,MS,NA,NA,NA,NA,NA,NA,NA,0
Humphreys,28053,MS,NA,NA,NA,NA,NA,NA,NA,0
Otsego,36077,NY,NA,NA,NA,NA,NA,NA,NA,0
Onondaga,36067,NY,1,NA,NA,NA,1,1,NA,3
Attala,28007,MS,NA,NA,NA,NA,NA,NA,NA,0
Copiah,28029,MS,NA,NA,NA,NA,NA,NA,NA,0
Chesterfield,51041,VA,NA,1,NA,NA,1,1,NA,3
Alleghany,51005,VA,NA,NA,NA,NA,NA,NA,NA,0
Bath,51017,VA,NA,1,NA,NA,NA,1,NA,2
Webster,13307,GA,NA,NA,NA,NA,NA,NA,NA,0
Mobile,01097,AL,NA,NA,NA,NA,NA,NA,NA,0
Glynn,13127,GA,NA,NA,NA,NA,NA,NA,NA,0
St. Clair,01115,AL,NA,NA,NA,NA,NA,NA,NA,0
Harrison,18061,IN,NA,NA,NA,NA,NA,NA,NA,0
Chautauqua,36013,NY,NA,NA,NA,NA,NA,NA,NA,0
Knox,23013,ME,NA,NA,NA,NA,1,1,NA,2
Carroll,24013,MD,2,2,NA,1,NA,1,NA,5
Hardin,21093,KY,NA,NA,NA,NA,1,1,NA,2
Cumberland,34011,NJ,1,8,NA,8,1,1,NA,11
Mercer,34021,NJ,1,9,NA,7,1,1,NA,12
Ottawa,39123,OH,NA,2,NA,NA,1,1,NA,4
Marlboro,45069,SC,NA,NA,NA,NA,NA,1,NA,1
Grafton,33009,NH,NA,3,NA,2,1,1,NA,5
Cattaraugus,36009,NY,NA,NA,NA,NA,NA,NA,NA,0
Sullivan,36105,NY,1,4,NA,NA,NA,NA,NA,5
DuPage,17043,IL,1,NA,NA,NA,NA,NA,NA,1
Knox,18083,IN,NA,NA,NA,NA,NA,NA,NA,0
Leelanau,26089,MI,1,1,NA,NA,NA,NA,NA,2
Etowah,01055,AL,NA,NA,NA,NA,1,NA,NA,1
Oneida,36065,NY,NA,NA,NA,NA,1,1,NA,2
Henderson,21101,KY,NA,NA,NA,NA,NA,NA,NA,0
Pike,21195,KY,NA,NA,NA,NA,NA,NA,NA,0
Pike,01109,AL,NA,NA,NA,NA,NA,NA,NA,0
Bullitt,21029,KY,NA,NA,NA,NA,NA,NA,NA,0
Marion,21155,KY,NA,NA,NA,NA,NA,NA,NA,0
Knox,21121,KY,NA,NA,NA,NA,NA,NA,NA,0
Anderson,21005,KY,NA,NA,NA,NA,NA,NA,NA,0
Hart,21099,KY,NA,NA,NA,NA,NA,NA,NA,0
Sullivan,47163,TN,1,NA,NA,NA,NA,NA,NA,1
Johnson,47091,TN,1,1,NA,NA,1,1,NA,4
Prince William,51153,VA,3,5,NA,NA,1,1,NA,10
Shenandoah,51171,VA,NA,7,NA,NA,1,1,NA,9
Cobb,13067,GA,1,1,NA,NA,NA,1,NA,3
Bryan,13029,GA,NA,NA,NA,NA,NA,NA,NA,0
Fayette,13113,GA,NA,NA,NA,NA,NA,NA,NA,0
Newton,13217,GA,NA,NA,NA,NA,NA,NA,NA,0
Wilkinson,13319,GA,NA,NA,NA,NA,NA,NA,NA,0
Emanuel,13107,GA,NA,NA,NA,NA,NA,NA,NA,0
Cass,17017,IL,NA,NA,NA,NA,NA,NA,NA,0
Menard,17129,IL,NA,NA,NA,NA,NA,NA,NA,0
Johnston,37101,NC,NA,NA,NA,NA,NA,1,NA,1
Greene,37079,NC,NA,1,NA,NA,NA,1,NA,2
Davidson,37057,NC,NA,2,NA,NA,1,1,NA,4
Montgomery,37123,NC,NA,1,NA,NA,NA,1,NA,2
Yancey,37199,NC,NA,NA,NA,NA,1,1,NA,2
Cheatham,47021,TN,NA,NA,NA,NA,NA,NA,NA,0
Perry,42099,PA,NA,5,NA,4,1,1,NA,7
Pickens,45077,SC,NA,6,NA,NA,NA,1,NA,7
Laurens,45059,SC,NA,NA,NA,NA,NA,NA,NA,0
Sumter,45085,SC,NA,4,NA,NA,NA,1,NA,5
Lee,45061,SC,NA,NA,NA,NA,NA,NA,NA,0
Rutherford,47149,TN,NA,NA,NA,NA,NA,1,NA,1
Sagadahoc,23023,ME,1,1,NA,1,1,1,NA,4
Tate,28137,MS,NA,NA,NA,NA,NA,NA,NA,0
Yalobusha,28161,MS,NA,NA,NA,NA,NA,NA,NA,0
Accomack,51001,VA,NA,NA,NA,NA,1,1,NA,2
Bayfield,55007,WI,NA,NA,NA,NA,NA,NA,NA,0
Bulloch,13031,GA,NA,NA,NA,NA,NA,1,NA,1
Long,13183,GA,NA,NA,NA,NA,NA,NA,NA,0
Putnam,17155,IL,NA,NA,NA,NA,NA,NA,NA,0
Roane,47145,TN,NA,NA,NA,NA,NA,NA,NA,0
Lauderdale,47097,TN,NA,NA,NA,NA,NA,NA,NA,0
Florence,45041,SC,1,1,NA,NA,NA,1,NA,3
Leslie,21131,KY,NA,NA,NA,NA,NA,NA,NA,0
Allen,39003,OH,NA,NA,NA,NA,NA,NA,NA,0
Berkeley,45015,SC,1,1,NA,NA,NA,1,NA,3
Hanover,51085,VA,NA,1,NA,NA,1,1,NA,3
Culpeper,51047,VA,NA,NA,NA,NA,NA,NA,NA,0
Kent,10001,DE,NA,2,NA,2,1,1,NA,4
Liberty,13179,GA,NA,NA,NA,NA,NA,NA,NA,0
Champaign,39021,OH,NA,NA,NA,NA,NA,NA,NA,0
Wicomico,24045,MD,NA,2,NA,1,NA,1,NA,3
Scotland,37165,NC,NA,1,NA,1,1,1,NA,3
Georgetown,45043,SC,NA,4,NA,NA,1,1,NA,6
Alpena,26007,MI,NA,NA,NA,NA,NA,NA,NA,0
Delaware,36025,NY,NA,NA,NA,NA,1,1,NA,2
Blount,01009,AL,NA,NA,NA,NA,1,1,NA,2
Daviess,21059,KY,NA,NA,NA,NA,NA,NA,NA,0
Quitman,28119,MS,NA,NA,NA,NA,NA,NA,NA,0
Buckingham,51029,VA,NA,NA,NA,NA,1,1,NA,2
Prince Edward,51147,VA,NA,NA,NA,NA,1,1,NA,2
Campbell,51031,VA,NA,1,NA,NA,1,1,NA,3
Sumter,01119,AL,NA,NA,NA,NA,NA,NA,NA,0
McIntosh,13191,GA,NA,NA,NA,NA,NA,NA,NA,0
Muscogee,13215,GA,NA,NA,NA,NA,NA,NA,NA,0
Elmore,01051,AL,NA,NA,NA,NA,NA,NA,NA,0
Montgomery,24031,MD,4,9,NA,4,NA,1,NA,14
Warren,28149,MS,NA,NA,NA,NA,NA,NA,NA,0
Beaufort,37013,NC,NA,1,NA,NA,NA,1,NA,2
Essex,51057,VA,NA,1,NA,NA,1,1,NA,3
DeKalb,13089,GA,NA,2,NA,NA,NA,1,NA,3
Gilmer,13123,GA,NA,NA,NA,NA,NA,NA,NA,0
Cook,13075,GA,NA,NA,NA,NA,NA,NA,NA,0
Bourbon,21017,KY,NA,NA,NA,NA,NA,NA,NA,0
Fleming,21069,KY,NA,NA,NA,NA,NA,NA,NA,0
Wise,51195,VA,NA,NA,NA,NA,NA,NA,NA,0
McDuffie,13189,GA,NA,NA,NA,NA,NA,NA,NA,0
Taylor,13269,GA,NA,NA,NA,NA,NA,NA,NA,0
Ballard,21007,KY,NA,NA,NA,NA,NA,NA,NA,0
Montmorency,26119,MI,NA,NA,NA,NA,NA,NA,NA,0
Pitt,37147,NC,1,2,NA,NA,NA,NA,NA,3
Jackson,37099,NC,1,2,NA,1,1,1,NA,5
Armstrong,42005,PA,NA,1,NA,NA,NA,1,NA,2
Benton,47005,TN,NA,NA,NA,NA,NA,NA,NA,0
Prince George,51149,VA,NA,NA,NA,NA,1,1,NA,2
Effingham,13103,GA,NA,NA,NA,NA,NA,NA,NA,0
Queen Anne's,24035,MD,1,1,NA,1,NA,1,NA,3
Hyde,37095,NC,NA,NA,NA,NA,NA,NA,NA,0
Swain,37173,NC,NA,3,NA,2,1,1,NA,5
Philadelphia,42101,PA,1,6,1,3,1,1,NA,10
Charlevoix,26029,MI,NA,NA,NA,NA,NA,NA,NA,0
Coos,33007,NH,NA,NA,NA,NA,NA,NA,NA,0
Wabash,17185,IL,NA,1,NA,1,NA,NA,NA,1
Huron,26063,MI,NA,NA,NA,NA,NA,NA,NA,0
Suffolk,36103,NY,14,10,NA,5,1,1,NA,26
Shelby,18145,IN,NA,NA,NA,NA,NA,NA,NA,0
Laurel,21125,KY,NA,NA,NA,NA,1,1,NA,2
Staunton,51790,VA,NA,NA,NA,NA,NA,NA,NA,0
Cook,17031,IL,NA,NA,NA,NA,NA,1,NA,1
Somerset,23025,ME,NA,NA,NA,NA,1,1,NA,2
Carteret,37031,NC,NA,NA,NA,NA,NA,1,NA,1
Lucas,39095,OH,2,NA,NA,NA,NA,1,NA,3
Franklin,25011,MA,8,9,NA,3,1,1,NA,19
Greene,01063,AL,NA,NA,NA,NA,NA,NA,NA,0
Shelby,01117,AL,NA,NA,NA,NA,NA,NA,NA,0
Davidson,47037,TN,NA,NA,NA,NA,NA,NA,NA,0
Montgomery,18107,IN,NA,NA,NA,NA,NA,NA,NA,0
Rowan,21205,KY,NA,NA,NA,NA,1,1,NA,2
Middlesex,51119,VA,NA,1,NA,NA,1,1,NA,3
York,51199,VA,NA,NA,NA,NA,NA,NA,NA,0
Door,55029,WI,NA,1,NA,NA,NA,1,NA,2
Florence,55037,WI,NA,NA,NA,NA,NA,NA,NA,0
Hall,13139,GA,1,1,NA,NA,NA,1,NA,3
Cumberland,17035,IL,NA,NA,NA,NA,NA,NA,NA,0
Richmond,37153,NC,NA,1,NA,NA,NA,1,NA,2
Jones,37103,NC,NA,NA,NA,NA,NA,NA,NA,0
Madison,21151,KY,NA,NA,NA,NA,1,1,NA,2
Colleton,45029,SC,NA,2,NA,NA,NA,1,NA,3
Scott,47151,TN,2,NA,NA,NA,1,1,NA,4
Highland,51091,VA,NA,NA,NA,NA,NA,NA,NA,0
Rockingham,51165,VA,NA,1,NA,NA,NA,1,NA,2
Gwinnett,13135,GA,NA,NA,NA,NA,NA,NA,NA,0
Coweta,13077,GA,1,1,NA,NA,1,1,NA,4
Telfair,13271,GA,NA,NA,NA,NA,NA,NA,NA,0
Treutlen,13283,GA,NA,NA,NA,NA,NA,NA,NA,0
Essex,34013,NJ,NA,1,NA,NA,1,1,NA,3
Herkimer,36043,NY,NA,NA,NA,NA,NA,NA,NA,0
Bladen,37017,NC,NA,NA,NA,NA,NA,NA,NA,0
Dorchester,45035,SC,NA,NA,NA,NA,NA,NA,NA,0
Estill,21065,KY,NA,NA,NA,NA,NA,NA,NA,0
Franklin,23007,ME,NA,1,NA,1,1,1,NA,3
Rankin,28121,MS,NA,NA,NA,NA,NA,NA,NA,0
Lee,51105,VA,NA,NA,NA,NA,NA,NA,NA,0
Dinwiddie,51053,VA,NA,1,NA,NA,1,1,NA,3
Williamsburg,51830,VA,NA,NA,NA,NA,NA,NA,NA,0
Lexington,45063,SC,NA,NA,NA,NA,NA,NA,NA,0
Rockingham,33015,NH,5,18,5,7,1,1,NA,30
Darlington,45031,SC,NA,NA,NA,NA,1,1,NA,2
Screven,13251,GA,NA,NA,NA,NA,NA,NA,NA,0
Russell,51167,VA,NA,NA,NA,NA,NA,NA,NA,0
Whitley,18183,IN,NA,NA,NA,NA,NA,NA,NA,0
Powell,21197,KY,NA,NA,NA,NA,NA,NA,NA,0
Mecklenburg,51117,VA,NA,NA,NA,NA,1,1,NA,2
Floyd,21071,KY,NA,NA,NA,NA,NA,NA,NA,0
McDowell,37111,NC,NA,1,NA,NA,NA,1,NA,2
Habersham,13137,GA,1,4,NA,NA,1,1,NA,7
Lowndes,01085,AL,NA,NA,NA,NA,NA,NA,NA,0
Plymouth,25023,MA,2,2,NA,NA,1,1,NA,6
Pasquotank,37139,NC,NA,NA,NA,NA,NA,NA,NA,0
Franklin,42055,PA,3,2,NA,2,1,1,NA,7
Grant,55043,WI,NA,NA,NA,NA,NA,1,NA,1
Berrien,13019,GA,NA,1,NA,NA,NA,1,NA,2
Gibson,18051,IN,NA,NA,NA,NA,NA,NA,NA,0
Muhlenberg,21177,KY,NA,NA,NA,NA,1,1,NA,2
Piscataquis,23021,ME,1,NA,NA,NA,NA,1,NA,2
Burke,37023,NC,NA,3,NA,NA,1,1,NA,5
Northumberland,42097,PA,NA,5,NA,3,1,1,NA,7
Cumberland,47035,TN,1,NA,NA,NA,1,1,NA,3
Geneva,01061,AL,NA,NA,NA,NA,NA,NA,NA,0
Covington,01039,AL,NA,NA,NA,NA,NA,NA,NA,0
Randolph,01111,AL,NA,NA,NA,NA,NA,NA,NA,0
Franklin,01059,AL,NA,NA,NA,NA,NA,NA,NA,0
Marion,01093,AL,NA,1,NA,NA,NA,NA,NA,1
Williamsburg,45089,SC,NA,NA,NA,NA,NA,NA,NA,0
Rockcastle,21203,KY,3,NA,NA,NA,1,1,NA,5
Otsego,26137,MI,NA,NA,NA,NA,NA,NA,NA,0
Washington,36115,NY,NA,NA,NA,NA,1,1,NA,2
Greene,42059,PA,NA,2,NA,NA,NA,1,NA,3
Claiborne,47025,TN,NA,NA,NA,NA,NA,NA,NA,0
Bedford,51019,VA,NA,2,NA,1,1,1,NA,4
Manassas Park,51685,VA,NA,NA,NA,NA,NA,NA,NA,0
Kent,24029,MD,NA,2,NA,2,NA,1,NA,3
Bergen,34003,NJ,6,1,NA,1,1,1,NA,9
Hocking,39073,OH,NA,NA,NA,NA,NA,1,NA,1
Madison,37115,NC,NA,1,NA,NA,1,1,NA,3
Montgomery,13209,GA,NA,NA,NA,NA,NA,NA,NA,0
Washington,17189,IL,NA,NA,NA,NA,NA,NA,NA,0
Butler,21031,KY,NA,NA,NA,NA,NA,NA,NA,0
Buena Vista,51530,VA,NA,NA,NA,NA,NA,NA,NA,0
Schoharie,36095,NY,NA,2,1,NA,NA,NA,NA,3
Taylor,21217,KY,NA,NA,NA,NA,NA,NA,NA,0
DeKalb,47041,TN,NA,NA,NA,NA,NA,1,NA,1
McCormick,45065,SC,NA,NA,NA,NA,NA,NA,NA,0
Grayson,21085,KY,NA,NA,NA,NA,NA,NA,NA,0
Morris,34027,NJ,6,4,NA,2,1,1,NA,12
Amelia,51007,VA,NA,1,NA,NA,1,1,NA,3
Lower Connecticut River Valley,09130,CT,3,3,NA,2,NA,NA,NA,6
Henderson,17071,IL,NA,NA,NA,NA,NA,NA,NA,0
Massac,17127,IL,NA,NA,NA,NA,NA,NA,NA,0
Randolph,17157,IL,NA,NA,NA,NA,NA,NA,NA,0
Troup,13285,GA,NA,NA,NA,NA,NA,NA,NA,0
Polk,13233,GA,NA,NA,NA,NA,NA,NA,NA,0
St. Clair,17163,IL,NA,8,NA,8,NA,NA,NA,8
Catoosa,13047,GA,NA,NA,NA,NA,NA,NA,NA,0
Walker,13295,GA,NA,NA,NA,NA,NA,NA,NA,0
Grady,13131,GA,NA,NA,NA,NA,NA,1,NA,1
Seminole,13253,GA,NA,NA,NA,NA,NA,NA,NA,0
Clay,13061,GA,NA,NA,NA,NA,NA,NA,NA,0
Macoupin,17117,IL,NA,NA,NA,NA,NA,NA,NA,0
Carroll,13045,GA,NA,NA,NA,NA,NA,NA,NA,0
Kendall,17093,IL,NA,NA,NA,NA,NA,NA,NA,0
Dearborn,18029,IN,NA,NA,NA,NA,NA,1,NA,1
Adams,18001,IN,NA,NA,NA,NA,NA,NA,NA,0
Steuben,18151,IN,NA,NA,NA,NA,NA,NA,NA,0
Benton,18007,IN,NA,NA,NA,NA,NA,NA,NA,0
Bay,26017,MI,NA,NA,NA,NA,NA,NA,NA,0
Genesee,26049,MI,NA,NA,NA,NA,NA,NA,NA,0
Berrien,26021,MI,NA,6,NA,1,1,1,NA,8
Pike,17149,IL,NA,NA,NA,NA,NA,1,NA,1
Calhoun,17013,IL,NA,NA,NA,NA,NA,NA,NA,0
Winnebago,17201,IL,NA,NA,NA,NA,NA,NA,NA,0
Floyd,18043,IN,NA,NA,NA,NA,NA,NA,NA,0
Fulton,17057,IL,NA,NA,NA,NA,NA,NA,NA,0
Clay,17025,IL,NA,NA,NA,NA,NA,NA,NA,0
Vigo,18167,IN,NA,2,NA,1,NA,1,NA,3
LaSalle,17099,IL,NA,NA,NA,NA,NA,NA,NA,0
Allegany,36003,NY,NA,NA,NA,NA,NA,NA,NA,0
Jefferson,21111,KY,NA,NA,NA,NA,1,1,NA,2
Jasper,45053,SC,NA,NA,NA,NA,NA,NA,NA,0
Saginaw,26145,MI,NA,NA,NA,NA,NA,NA,NA,0
Hamilton,18057,IN,NA,NA,NA,NA,NA,NA,NA,0
Montcalm,26117,MI,NA,NA,NA,NA,1,1,NA,2
Muskegon,26121,MI,NA,1,NA,NA,NA,1,NA,2
Mason,26105,MI,NA,NA,NA,NA,NA,NA,NA,0
Dickinson,26043,MI,NA,NA,NA,NA,NA,NA,NA,0
Tuscola,26157,MI,NA,NA,NA,NA,NA,NA,NA,0
Arenac,26011,MI,NA,NA,NA,NA,NA,NA,NA,0
Oceana,26127,MI,NA,NA,NA,NA,NA,NA,NA,0
Houghton,26061,MI,NA,NA,NA,NA,NA,NA,NA,0
Morgan,01103,AL,NA,NA,NA,NA,NA,NA,NA,0
Mason,21161,KY,NA,NA,NA,NA,NA,NA,NA,0
Logan,21141,KY,NA,NA,NA,NA,NA,NA,NA,0
Bristol,25005,MA,9,3,NA,3,1,1,NA,14
Oldham,21185,KY,NA,NA,NA,NA,1,1,NA,2
Cayuga,36011,NY,NA,NA,NA,NA,1,1,NA,2
Chippewa,26033,MI,NA,NA,NA,NA,NA,NA,NA,0
Perry,01105,AL,NA,NA,NA,NA,NA,NA,NA,0
Butler,01013,AL,NA,NA,NA,NA,NA,NA,NA,0
Cass,26027,MI,NA,NA,NA,NA,1,1,NA,2
Merrimack,33013,NH,4,7,NA,3,1,1,NA,13
Northwest Hills,09160,CT,3,8,NA,5,NA,NA,NA,11
Ontario,36069,NY,NA,NA,NA,NA,NA,NA,NA,0
Columbia,13073,GA,NA,NA,NA,NA,NA,NA,NA,0
Union,13291,GA,NA,2,NA,1,1,1,NA,4
Greene,36039,NY,NA,3,NA,3,NA,NA,NA,3
Genesee,36037,NY,NA,NA,NA,NA,NA,NA,NA,0
Lewis,36049,NY,NA,NA,NA,NA,NA,NA,NA,0
Lamoille,50015,VT,NA,NA,NA,NA,NA,NA,NA,0
Caroline,51033,VA,NA,1,NA,NA,1,1,NA,3
Fluvanna,51065,VA,NA,1,NA,NA,1,1,NA,3
Decatur,13087,GA,NA,NA,NA,NA,NA,NA,NA,0
Union,21225,KY,NA,NA,NA,NA,NA,NA,NA,0
Guernsey,39059,OH,NA,NA,NA,NA,NA,NA,NA,0
Seneca,39147,OH,NA,NA,NA,NA,NA,NA,NA,0
Wake,37183,NC,1,6,NA,NA,NA,1,NA,8
Guilford,37081,NC,NA,NA,NA,NA,1,1,NA,2
Lynchburg,51680,VA,NA,NA,NA,NA,NA,NA,NA,0
Sussex,51183,VA,NA,NA,NA,NA,1,1,NA,2
Petersburg,51730,VA,NA,2,NA,NA,NA,NA,NA,2
Towns,13281,GA,NA,2,NA,NA,1,1,NA,4
Franklin,13119,GA,NA,NA,NA,NA,NA,NA,NA,0
Heard,13149,GA,NA,NA,NA,NA,NA,NA,NA,0
Franklin,39049,OH,1,NA,NA,NA,NA,1,NA,2
Summit,39153,OH,NA,NA,NA,NA,NA,1,NA,1
Wayne,37191,NC,NA,NA,NA,NA,NA,1,NA,1
Randolph,37151,NC,NA,NA,NA,NA,NA,1,NA,1
Stokes,37169,NC,NA,2,NA,NA,1,1,NA,4
Martinsville,51690,VA,NA,NA,NA,NA,NA,NA,NA,0
Harrisonburg,51660,VA,NA,NA,NA,NA,NA,NA,NA,0
Franklin,51620,VA,NA,NA,NA,NA,NA,NA,NA,0
Lamar,01075,AL,NA,NA,NA,NA,NA,NA,NA,0
Cherokee,01019,AL,NA,NA,NA,NA,NA,NA,NA,0
Wood,39173,OH,NA,NA,NA,NA,NA,NA,NA,0
Belmont,39013,OH,NA,NA,NA,NA,NA,NA,NA,0
Yadkin,37197,NC,NA,1,NA,1,NA,1,NA,2
Jefferson,55055,WI,NA,NA,NA,NA,NA,NA,NA,0
Wood,55141,WI,NA,NA,NA,NA,NA,NA,NA,0
Lauderdale,01077,AL,NA,NA,NA,NA,NA,NA,NA,0
Limestone,01083,AL,NA,NA,NA,NA,NA,NA,NA,0
Grundy,47061,TN,NA,NA,NA,NA,NA,1,NA,1
Henderson,47077,TN,NA,NA,NA,NA,NA,NA,NA,0
Waukesha,55133,WI,NA,NA,NA,NA,NA,NA,NA,0
Taylor,55119,WI,NA,NA,NA,NA,NA,NA,NA,0
Calhoun,01015,AL,NA,NA,NA,NA,NA,1,NA,1
Jackson,47087,TN,NA,NA,NA,NA,NA,NA,NA,0
Licking,39089,OH,NA,NA,NA,NA,NA,NA,NA,0
Warren,39165,OH,NA,NA,NA,NA,NA,NA,NA,0
Muskingum,39119,OH,NA,NA,NA,NA,NA,NA,NA,0
Richland,39139,OH,NA,NA,NA,NA,NA,NA,NA,0
Vinton,39163,OH,NA,NA,NA,NA,NA,NA,NA,0
Clinton,39027,OH,NA,NA,NA,NA,1,1,NA,2
Morgan,39115,OH,NA,NA,NA,NA,NA,NA,NA,0
Pike,39131,OH,NA,NA,NA,NA,NA,1,NA,1
Chilton,01021,AL,NA,NA,NA,NA,NA,NA,NA,0
Meade,21163,KY,NA,NA,NA,NA,NA,NA,NA,0
Butler,42019,PA,NA,1,NA,1,1,1,NA,3
Carbon,42025,PA,1,26,NA,18,1,1,NA,29
Luzerne,42079,PA,3,5,NA,3,1,1,NA,10
Mifflin,42087,PA,NA,1,NA,1,1,1,NA,3
Forest,42053,PA,NA,NA,NA,NA,NA,NA,NA,0
Edgefield,45037,SC,NA,NA,NA,NA,NA,NA,NA,0
Fairfield,45039,SC,NA,NA,NA,NA,NA,NA,NA,0
Mahoning,39099,OH,NA,NA,NA,NA,1,1,NA,2
Tioga,42117,PA,NA,1,NA,1,1,1,NA,3
Warren,42123,PA,NA,1,NA,1,1,1,NA,3
Oconee,45073,SC,1,4,NA,NA,NA,1,NA,6
Cherokee,13057,GA,NA,NA,NA,NA,NA,NA,NA,0
Marshall,21157,KY,NA,NA,NA,NA,NA,NA,NA,0
Shelby,21211,KY,NA,NA,NA,NA,NA,NA,NA,0
Jackson,28059,MS,NA,NA,NA,NA,NA,NA,NA,0
Itawamba,28057,MS,NA,NA,NA,NA,NA,NA,NA,0
Obion,47131,TN,NA,NA,NA,NA,NA,NA,NA,0
Gordon,13129,GA,NA,NA,NA,NA,NA,NA,NA,0
Pike,13231,GA,NA,1,NA,NA,1,1,NA,3
Franklin,21073,KY,NA,NA,NA,NA,NA,NA,NA,0
Pulaski,21199,KY,1,NA,NA,NA,1,1,NA,3
Spencer,21215,KY,NA,NA,NA,NA,NA,NA,NA,0
Marshall,28093,MS,NA,NA,NA,NA,NA,NA,NA,0
Hancock,47067,TN,NA,NA,NA,NA,NA,NA,NA,0
Lincoln,47103,TN,NA,NA,NA,NA,NA,NA,NA,0
Banks,13011,GA,NA,NA,NA,NA,NA,NA,NA,0
Johnson,13167,GA,NA,NA,NA,NA,NA,NA,NA,0
Gallatin,21077,KY,NA,NA,NA,NA,NA,NA,NA,0
Robertson,21201,KY,NA,NA,NA,NA,NA,NA,NA,0
Ware,13299,GA,NA,NA,NA,NA,NA,NA,NA,0
Dawson,13085,GA,NA,1,NA,NA,NA,1,NA,2
Pickens,13227,GA,NA,NA,NA,NA,NA,NA,NA,0
Green,21087,KY,NA,NA,NA,NA,NA,1,NA,1
Casey,21045,KY,NA,NA,NA,NA,NA,NA,NA,0
Glascock,13125,GA,NA,NA,NA,NA,NA,NA,NA,0
Terrell,13273,GA,NA,NA,NA,NA,NA,NA,NA,0
Carlisle,21039,KY,NA,NA,NA,NA,NA,NA,NA,0
Caledonia,50005,VT,NA,NA,NA,NA,NA,NA,NA,0
Addison,50001,VT,NA,NA,NA,NA,NA,NA,NA,0
Lanier,13173,GA,NA,NA,NA,NA,NA,NA,NA,0
Jones,13169,GA,NA,NA,NA,NA,NA,NA,NA,0
Androscoggin,23001,ME,NA,1,NA,NA,1,1,NA,3
Ionia,26067,MI,NA,NA,NA,NA,NA,NA,NA,0
Hampton,51650,VA,NA,NA,NA,NA,1,1,NA,2
Scott,51169,VA,NA,NA,NA,NA,NA,NA,NA,0
Meriwether,13199,GA,NA,1,NA,NA,1,1,NA,3
Calhoun,26025,MI,NA,NA,NA,NA,NA,NA,NA,0
Barry,26015,MI,NA,NA,NA,NA,NA,1,NA,1
Jackson,26075,MI,NA,NA,NA,NA,NA,NA,NA,0
Cheshire,33005,NH,2,5,NA,1,1,1,NA,9
Burlington,34005,NJ,1,16,NA,15,1,1,NA,19
Portsmouth,51740,VA,NA,1,NA,NA,NA,NA,NA,1
Poquoson,51735,VA,NA,NA,NA,NA,NA,NA,NA,0
Lee,13177,GA,NA,NA,NA,NA,NA,NA,NA,0
Chemung,36015,NY,NA,1,NA,NA,NA,NA,NA,1
McDonough,17109,IL,NA,NA,NA,NA,NA,NA,NA,0
Lee,28081,MS,NA,NA,NA,NA,NA,NA,NA,0
Sunflower,28133,MS,NA,NA,NA,NA,NA,NA,NA,0
Broome,36007,NY,NA,NA,NA,NA,NA,1,NA,1
Monroe,36055,NY,NA,NA,NA,NA,NA,NA,NA,0
Pierce,55093,WI,NA,NA,NA,NA,NA,NA,NA,0
Christian,17021,IL,NA,NA,NA,NA,NA,NA,NA,0
Montgomery,17135,IL,NA,NA,NA,NA,NA,NA,NA,0
Wayne,17191,IL,NA,NA,NA,NA,NA,NA,NA,0
Carroll,28015,MS,NA,NA,NA,NA,NA,NA,NA,0
Sharkey,28125,MS,NA,NA,NA,NA,NA,NA,NA,0
Kemper,28069,MS,NA,NA,NA,NA,NA,NA,NA,0
Surry,37171,NC,NA,2,NA,1,1,1,NA,4
Cleveland,37045,NC,NA,1,NA,NA,1,1,NA,3
Kewaunee,55061,WI,NA,NA,NA,NA,NA,NA,NA,0
Green,55045,WI,NA,NA,NA,NA,NA,NA,NA,0
Pepin,55091,WI,NA,NA,NA,NA,NA,NA,NA,0
Grant,18053,IN,NA,NA,NA,NA,NA,NA,NA,0
Kosciusko,18085,IN,NA,NA,NA,NA,NA,NA,NA,0
Fountain,18045,IN,NA,NA,NA,NA,NA,NA,NA,0
Miami,18103,IN,NA,NA,NA,NA,NA,NA,NA,0
Lawrence,28077,MS,NA,NA,NA,NA,NA,NA,NA,0
Smith,28129,MS,NA,NA,NA,NA,NA,NA,NA,0
Pulaski,18131,IN,NA,2,NA,1,1,1,NA,4
Madison,18095,IN,NA,NA,NA,NA,NA,NA,NA,0
Greene,18055,IN,NA,NA,NA,NA,NA,NA,NA,0
Jasper,18073,IN,NA,1,NA,NA,NA,1,NA,2
Adams,39001,OH,NA,NA,NA,NA,NA,NA,NA,0
Jefferson,39081,OH,NA,NA,NA,NA,NA,1,NA,1
Parke,18121,IN,NA,1,NA,NA,NA,1,NA,2
Orange,18117,IN,NA,NA,NA,NA,NA,NA,NA,0
Monroe,18105,IN,NA,NA,NA,NA,1,1,NA,2
Orange,50017,VT,1,NA,NA,NA,NA,NA,NA,1
Chittenden,50007,VT,1,2,NA,1,NA,1,NA,4
Colquitt,13071,GA,NA,NA,NA,NA,NA,NA,NA,0
Pulaski,13235,GA,NA,NA,NA,NA,NA,NA,NA,0
Randolph,13243,GA,NA,NA,NA,NA,NA,NA,NA,0
Grundy,17063,IL,NA,NA,NA,NA,NA,NA,NA,0
Moultrie,17139,IL,NA,NA,NA,NA,NA,NA,NA,0
Noble,18113,IN,NA,NA,NA,NA,NA,NA,NA,0
Carroll,18015,IN,NA,NA,NA,NA,NA,NA,NA,0
Rutland,50021,VT,1,1,NA,NA,NA,1,NA,3
Dodge,13091,GA,NA,NA,NA,NA,NA,NA,NA,0
Jenkins,13165,GA,NA,NA,NA,NA,NA,NA,NA,0
Boone,18011,IN,NA,NA,NA,NA,NA,NA,NA,0
Starke,18149,IN,1,NA,NA,NA,NA,1,NA,2
Washington,47179,TN,NA,NA,NA,NA,1,1,NA,2
Carroll,51035,VA,NA,4,NA,NA,NA,1,NA,5
Virginia Beach,51810,VA,1,NA,NA,NA,1,1,NA,3
Carroll,47017,TN,NA,NA,NA,NA,NA,NA,NA,0
Madison,47113,TN,NA,NA,NA,NA,NA,NA,NA,0
Hardin,47071,TN,NA,NA,NA,NA,NA,NA,NA,0
Warren,21227,KY,NA,NA,NA,NA,NA,NA,NA,0
Danville,51590,VA,NA,NA,NA,NA,NA,NA,NA,0
Mathews,51115,VA,NA,NA,NA,NA,NA,NA,NA,0
Dickson,47043,TN,NA,NA,NA,NA,NA,NA,NA,0
McLean,21149,KY,NA,NA,NA,NA,NA,NA,NA,0
Adair,21001,KY,NA,NA,NA,NA,NA,NA,NA,0
Suffolk,51800,VA,NA,1,NA,NA,1,1,NA,3
Brunswick,51025,VA,NA,NA,NA,NA,1,1,NA,2
Bledsoe,47007,TN,2,NA,NA,NA,1,1,NA,4
Sequatchie,47153,TN,NA,NA,NA,NA,NA,NA,NA,0
Lincoln,21137,KY,1,NA,NA,NA,NA,NA,NA,1
Boyle,21021,KY,NA,NA,NA,NA,NA,NA,NA,0
Clarke,51043,VA,20,1,NA,NA,1,1,NA,23
Albany,36001,NY,2,NA,NA,NA,1,1,NA,4
Lee,21129,KY,NA,NA,NA,NA,NA,NA,NA,0
Webster,21233,KY,NA,NA,NA,NA,NA,NA,NA,0
Alamance,37001,NC,NA,NA,NA,NA,NA,NA,NA,0
Durham,37063,NC,NA,8,NA,NA,1,1,NA,10
Walworth,55127,WI,NA,NA,NA,NA,NA,NA,NA,0
Monroe,21171,KY,NA,NA,NA,NA,NA,NA,NA,0
Hancock,21091,KY,NA,NA,NA,NA,1,1,NA,2
Catawba,37035,NC,1,NA,NA,NA,NA,1,NA,2
Lincoln,37109,NC,NA,NA,NA,NA,NA,NA,NA,0
Ozaukee,55089,WI,1,NA,NA,NA,NA,NA,NA,1
Brown,55009,WI,NA,NA,NA,NA,NA,NA,NA,0
Oconto,55083,WI,1,NA,NA,NA,NA,NA,NA,1
Manitowoc,55071,WI,NA,NA,NA,NA,NA,NA,NA,0
Lafayette,55065,WI,NA,NA,NA,NA,NA,NA,NA,0
Vilas,55125,WI,NA,NA,NA,NA,NA,NA,NA,0
St. Croix,55109,WI,NA,NA,NA,NA,NA,1,NA,1
Jeff Davis,13161,GA,NA,NA,NA,NA,NA,NA,NA,0
Marion,13197,GA,NA,NA,NA,NA,NA,NA,NA,0
Wayne,47181,TN,NA,NA,NA,NA,NA,NA,NA,0
Laurens,13175,GA,NA,5,1,NA,NA,NA,NA,6
Crisp,13081,GA,NA,NA,NA,NA,NA,NA,NA,0
Atkinson,13003,GA,NA,NA,NA,NA,NA,NA,NA,0
Bibb,01007,AL,NA,NA,NA,NA,NA,NA,NA,0
Marion,47115,TN,NA,NA,NA,NA,NA,1,NA,1
Lake,47095,TN,NA,1,NA,NA,NA,NA,NA,1
Rockdale,13247,GA,NA,NA,NA,NA,NA,1,NA,1
Bartow,13015,GA,NA,2,NA,NA,1,1,NA,4
Schuyler,17169,IL,NA,NA,NA,NA,NA,NA,NA,0
Carroll,17015,IL,NA,NA,NA,NA,NA,NA,NA,0
Montgomery,47125,TN,NA,2,NA,NA,NA,NA,NA,2
Stewart,47161,TN,NA,NA,NA,NA,NA,NA,NA,0
Douglas,13097,GA,NA,NA,NA,NA,NA,NA,NA,0
Worth,13321,GA,NA,NA,NA,NA,NA,1,NA,1
Bond,17005,IL,NA,NA,NA,NA,NA,NA,NA,0
Warren,17187,IL,NA,NA,NA,NA,NA,NA,NA,0
Perry,17145,IL,NA,NA,NA,NA,NA,NA,NA,0
Hamilton,17065,IL,NA,NA,NA,NA,NA,NA,NA,0
Franklin,18047,IN,NA,1,NA,1,1,1,NA,3
Clayton,13063,GA,NA,NA,NA,NA,NA,NA,NA,0
Morgan,13211,GA,NA,NA,NA,NA,NA,NA,NA,0
Richland,17159,IL,NA,NA,NA,NA,NA,NA,NA,0
Jasper,17079,IL,NA,NA,NA,NA,NA,NA,NA,0
Effingham,17049,IL,NA,NA,NA,NA,NA,NA,NA,0
Hancock,18059,IN,NA,NA,NA,NA,NA,NA,NA,0
Orleans,50019,VT,NA,NA,NA,NA,NA,NA,NA,0
Bacon,13005,GA,NA,NA,NA,NA,NA,NA,NA,0
Lumpkin,13187,GA,NA,2,NA,NA,1,1,NA,4
Marshall,18099,IN,NA,3,NA,3,1,1,NA,5
Carroll,33003,NH,NA,2,NA,2,1,1,NA,4
Sullivan,33019,NH,NA,NA,NA,NA,NA,NA,NA,0
Isabella,26073,MI,NA,1,NA,1,1,1,NA,3
Crawford,42039,PA,NA,NA,NA,NA,NA,NA,NA,0
Steuben,36101,NY,NA,NA,NA,NA,NA,NA,NA,0
Hancock,17067,IL,NA,NA,NA,NA,NA,NA,NA,0
Oakland,26125,MI,NA,NA,NA,NA,1,1,NA,2
Emmet,26047,MI,NA,NA,NA,NA,NA,NA,NA,0
Tazewell,17179,IL,NA,NA,NA,NA,NA,NA,NA,0
Bradford,42015,PA,NA,NA,NA,NA,NA,NA,NA,0
Bristol,44001,RI,8,1,NA,1,1,1,NA,11
Dillon,45033,SC,NA,NA,NA,NA,NA,1,NA,1
Worcester,25027,MA,15,66,NA,58,1,1,NA,83
Mackinac,26097,MI,NA,NA,NA,NA,NA,NA,NA,0
Clare,26035,MI,NA,NA,NA,NA,NA,NA,NA,0
Sandusky,39143,OH,NA,NA,NA,NA,NA,NA,NA,0
Keweenaw,26083,MI,NA,NA,NA,NA,NA,NA,NA,0
Van Buren,26159,MI,1,NA,NA,NA,1,1,NA,3
St. Joseph,26149,MI,NA,NA,NA,NA,NA,NA,NA,0
Jo Daviess,17085,IL,NA,NA,NA,NA,NA,NA,NA,0
Frederick,24021,MD,1,NA,NA,NA,NA,1,NA,2
Schoolcraft,26153,MI,NA,NA,NA,NA,NA,NA,NA,0
Antrim,26009,MI,NA,NA,NA,NA,NA,NA,NA,0
Sangamon,17167,IL,NA,NA,NA,NA,NA,NA,NA,0
Essex,25009,MA,2,4,NA,2,1,1,NA,8
Nantucket,25019,MA,27,5,NA,NA,1,1,NA,34
Orleans,36073,NY,NA,NA,NA,NA,NA,NA,NA,0
Putnam,36079,NY,NA,8,NA,NA,1,1,NA,10
Monroe,17133,IL,NA,NA,NA,NA,NA,NA,NA,0
Gallatin,17059,IL,NA,NA,NA,NA,NA,NA,NA,0
Bullock,01011,AL,NA,NA,NA,NA,NA,NA,NA,0
Queens,36081,NY,5,2,NA,1,1,1,NA,9
Franklin,36033,NY,NA,NA,NA,NA,NA,NA,NA,0
Rensselaer,36083,NY,NA,NA,NA,NA,1,1,NA,2
Harrison,28047,MS,NA,NA,NA,NA,NA,NA,NA,0
Union,17181,IL,NA,NA,NA,NA,NA,NA,NA,0
White,17193,IL,NA,NA,NA,NA,NA,NA,NA,0
Columbia,36021,NY,NA,1,NA,NA,NA,NA,NA,1
Tioga,36107,NY,NA,NA,NA,NA,NA,NA,NA,0
Hancock,28045,MS,NA,NA,NA,NA,NA,NA,NA,0
Wayne,28153,MS,NA,NA,NA,NA,NA,NA,NA,0
George,28039,MS,NA,NA,NA,NA,NA,NA,NA,0
Lawrence,17101,IL,NA,NA,NA,NA,NA,NA,NA,0
Mercer,17131,IL,NA,NA,NA,NA,NA,NA,NA,0
Stephenson,17177,IL,NA,NA,NA,NA,NA,NA,NA,0
Montgomery,36057,NY,NA,NA,NA,NA,NA,NA,NA,0
Clay,01027,AL,NA,NA,NA,NA,NA,NA,NA,0
McCracken,21145,KY,NA,NA,NA,NA,NA,NA,NA,0
Union,37179,NC,NA,NA,NA,NA,NA,1,NA,1
Woodford,17203,IL,NA,NA,NA,NA,NA,NA,NA,0
Seneca,36099,NY,NA,NA,NA,NA,NA,1,NA,1
Kenton,21117,KY,NA,NA,NA,NA,NA,NA,NA,0
Avery,37011,NC,NA,1,NA,1,1,1,NA,3
Gates,37073,NC,NA,2,NA,NA,NA,1,NA,3
McLean,17113,IL,NA,NA,NA,NA,NA,NA,NA,0
Macon,17115,IL,NA,NA,NA,NA,NA,NA,NA,0
Tompkins,36109,NY,NA,NA,NA,NA,NA,NA,NA,0
Campbell,21037,KY,NA,NA,NA,NA,NA,NA,NA,0
Warren,37185,NC,NA,NA,NA,NA,NA,1,NA,1
Preble,39135,OH,NA,NA,NA,NA,NA,NA,NA,0
Carroll,21041,KY,NA,NA,NA,NA,NA,NA,NA,0
Brown,39015,OH,NA,NA,NA,NA,1,1,NA,2
Meigs,39105,OH,NA,NA,NA,NA,NA,NA,NA,0
Hudson,34017,NJ,NA,3,NA,3,1,1,NA,5
Warren,18171,IN,NA,NA,NA,NA,NA,NA,NA,0
Racine,55101,WI,NA,NA,NA,NA,NA,1,NA,1
White,18181,IN,NA,1,NA,1,1,1,NA,3
Cass,18017,IN,NA,NA,NA,NA,NA,NA,NA,0
Johnson,18081,IN,NA,NA,NA,NA,NA,NA,NA,0
Monroe,39111,OH,NA,NA,NA,NA,NA,NA,NA,0
Columbiana,39029,OH,NA,NA,NA,NA,NA,NA,NA,0
Champaign,17019,IL,NA,NA,NA,NA,NA,NA,NA,0
Elkhart,18039,IN,NA,NA,NA,NA,NA,NA,NA,0
Howard,18067,IN,NA,NA,NA,NA,NA,1,NA,1
Brown,18013,IN,NA,NA,NA,NA,NA,NA,NA,0
Morgan,18109,IN,NA,NA,NA,NA,NA,NA,NA,0
Allen,18003,IN,NA,NA,NA,NA,NA,NA,NA,0
Wabash,18169,IN,NA,NA,NA,NA,NA,NA,NA,0
Lorain,39093,OH,1,1,NA,NA,1,1,NA,4
Trumbull,39155,OH,NA,NA,NA,NA,1,1,NA,2
Ohio,18115,IN,NA,NA,NA,NA,NA,NA,NA,0
Wayne,18177,IN,NA,NA,NA,NA,1,1,NA,2
Randolph,18135,IN,NA,NA,NA,NA,NA,NA,NA,0
Ripley,18137,IN,NA,2,NA,2,1,1,NA,4
Clinton,18023,IN,NA,NA,NA,NA,NA,NA,NA,0
Putnam,18133,IN,NA,NA,NA,NA,NA,NA,NA,0
Kent,26081,MI,NA,NA,NA,NA,1,1,NA,2
Henry,17073,IL,NA,NA,NA,NA,NA,NA,NA,0
Crawford,18025,IN,NA,NA,NA,NA,NA,NA,NA,0
Owen,18119,IN,NA,NA,NA,NA,NA,NA,NA,0
Shiawassee,26155,MI,NA,NA,NA,NA,NA,NA,NA,0
Waushara,55137,WI,NA,NA,NA,NA,NA,NA,NA,0
Bracken,21023,KY,NA,NA,NA,NA,NA,NA,NA,0
Dukes,25007,MA,34,1,NA,1,1,1,NA,37
Berkshire,25003,MA,1,9,NA,2,1,1,NA,12
Morgan,17137,IL,NA,NA,NA,NA,NA,NA,NA,0
Ashtabula,39007,OH,NA,NA,NA,NA,1,1,NA,2
Branch,26023,MI,NA,NA,NA,NA,NA,NA,NA,0
Sussex,34037,NJ,1,10,NA,8,1,1,NA,13
Cortland,36023,NY,NA,NA,NA,NA,NA,1,NA,1
Potter,42105,PA,NA,NA,NA,NA,NA,NA,NA,0
Mercer,42085,PA,NA,1,NA,1,1,1,NA,3
Roanoke,51770,VA,NA,NA,NA,NA,NA,NA,NA,0
Greater Bridgeport,09120,CT,NA,16,NA,14,NA,NA,NA,16
Schuyler,36097,NY,NA,NA,NA,NA,NA,NA,NA,0
Hamilton,36041,NY,NA,NA,NA,NA,NA,NA,NA,0
Wilson,37195,NC,NA,NA,NA,NA,NA,1,NA,1
Alcona,26001,MI,NA,NA,NA,NA,NA,NA,NA,0
Appomattox,51011,VA,NA,NA,NA,NA,1,1,NA,2
Smyth,51173,VA,NA,NA,NA,NA,1,1,NA,2
Harris,13145,GA,NA,1,NA,NA,1,1,NA,3
Haralson,13143,GA,NA,NA,NA,NA,NA,NA,NA,0
Dade,13083,GA,NA,NA,NA,NA,NA,NA,NA,0
Alexander,37003,NC,NA,1,NA,1,1,1,NA,3
Watauga,37189,NC,NA,NA,NA,NA,1,1,NA,2
Lauderdale,28075,MS,NA,NA,NA,NA,NA,1,NA,1
Alcorn,28003,MS,NA,NA,NA,NA,NA,NA,NA,0
Bolivar,28011,MS,NA,NA,NA,NA,NA,NA,NA,0
Radford,51750,VA,NA,NA,NA,NA,NA,NA,NA,0
Fredericksburg,51630,VA,NA,2,NA,NA,NA,NA,NA,2
Rappahannock,51157,VA,1,NA,NA,NA,1,1,NA,3
Hopewell,51670,VA,NA,2,NA,NA,NA,NA,NA,2
Galax,51640,VA,NA,NA,NA,NA,NA,NA,NA,0
Thomas,13275,GA,NA,NA,NA,NA,NA,NA,NA,0
Stewart,13259,GA,NA,NA,NA,NA,NA,NA,NA,0
Clark,39023,OH,NA,NA,NA,NA,NA,NA,NA,0
Delaware,39041,OH,NA,NA,NA,NA,NA,NA,NA,0
Monroe,28095,MS,NA,NA,NA,NA,NA,NA,NA,0
Jackson,55053,WI,NA,NA,NA,NA,NA,NA,NA,0
Calumet,55015,WI,NA,NA,NA,NA,NA,NA,NA,0
Barron,55005,WI,NA,NA,NA,NA,NA,NA,NA,0
Langlade,55067,WI,NA,NA,NA,NA,NA,NA,NA,0
Clinch,13065,GA,NA,NA,NA,NA,NA,NA,NA,0
Pope,17151,IL,NA,NA,NA,NA,NA,NA,NA,0
Clark,17023,IL,NA,NA,NA,NA,NA,NA,NA,0
Miami,39109,OH,NA,NA,NA,NA,NA,NA,NA,0
Union,39159,OH,NA,NA,NA,NA,NA,NA,NA,0
Carroll,39019,OH,NA,NA,NA,NA,NA,NA,NA,0
Haywood,47075,TN,NA,NA,NA,NA,NA,1,NA,1
Chester,47023,TN,NA,NA,NA,NA,NA,NA,NA,0
Lenawee,26091,MI,NA,1,NA,NA,NA,1,NA,2
Sanilac,26151,MI,NA,NA,NA,NA,NA,NA,NA,0
Whiteside,17195,IL,NA,NA,NA,NA,NA,NA,NA,0
Clark,18019,IN,NA,1,NA,1,1,1,NA,3
Lewis,47101,TN,NA,NA,NA,NA,NA,1,NA,1
Overton,47133,TN,NA,NA,NA,NA,1,1,NA,2
Cheboygan,26031,MI,NA,NA,NA,NA,NA,NA,NA,0
Iosco,26069,MI,NA,NA,NA,NA,NA,NA,NA,0
Sullivan,18153,IN,NA,NA,NA,NA,NA,NA,NA,0
Jefferson,18077,IN,NA,4,NA,4,1,1,NA,6
Porter,18127,IN,3,4,NA,4,1,1,NA,9
Amite,28005,MS,NA,NA,NA,NA,NA,NA,NA,0
Jay,18075,IN,NA,NA,NA,NA,NA,NA,NA,0
Vanderburgh,18163,IN,NA,NA,NA,NA,NA,NA,NA,0
Switzerland,18155,IN,NA,NA,NA,NA,NA,NA,NA,0
Lehigh,42077,PA,1,46,NA,33,1,1,NA,49
Coahoma,28027,MS,NA,1,NA,1,NA,1,NA,2
Walthall,28147,MS,NA,NA,NA,NA,NA,NA,NA,0
Ottawa,26139,MI,NA,1,NA,NA,1,1,NA,3
Livingston,26093,MI,3,NA,NA,NA,NA,NA,NA,3
Knox,17095,IL,NA,NA,NA,NA,NA,NA,NA,0
Lackawanna,42069,PA,NA,7,NA,5,1,1,NA,9
Montour,42093,PA,1,2,NA,2,1,1,NA,5
Manistee,26101,MI,NA,NA,NA,NA,NA,NA,NA,0
Washtenaw,26161,MI,2,1,NA,NA,1,1,NA,5
Coosa,01037,AL,NA,NA,NA,NA,NA,NA,NA,0
Ocean,34029,NJ,NA,12,NA,10,1,1,NA,14
Bureau,17011,IL,NA,NA,NA,NA,NA,NA,NA,0
Winston,01133,AL,NA,NA,NA,NA,NA,NA,NA,0
Baltimore,24510,MD,NA,2,NA,2,NA,NA,NA,2
Shelby,39149,OH,NA,NA,NA,NA,NA,NA,NA,0
Graves,21083,KY,NA,NA,NA,NA,NA,NA,NA,0
Chowan,37041,NC,NA,NA,NA,NA,NA,NA,NA,0
Holmes,39075,OH,NA,NA,NA,NA,NA,NA,NA,0
Luce,26095,MI,NA,NA,NA,NA,NA,NA,NA,0
Neshoba,28099,MS,NA,NA,NA,NA,NA,NA,NA,0
Dale,01045,AL,NA,NA,NA,NA,NA,NA,NA,0
Early,13099,GA,NA,NA,NA,NA,NA,NA,NA,0
Perquimans,37143,NC,NA,NA,NA,NA,NA,NA,NA,0
Benton,28009,MS,NA,NA,NA,NA,NA,NA,NA,0
Boyd,21019,KY,NA,NA,NA,NA,1,1,NA,2
Cumberland,23005,ME,2,6,NA,5,NA,1,NA,9
Echols,13101,GA,NA,NA,NA,NA,NA,NA,NA,0
Quitman,13239,GA,NA,NA,NA,NA,NA,NA,NA,0
Lawrence,39087,OH,NA,NA,NA,NA,NA,1,NA,1
Gallia,39053,OH,NA,NA,NA,NA,1,1,NA,2
Defiance,39039,OH,NA,NA,NA,NA,NA,NA,NA,0
Washington,55131,WI,NA,NA,NA,NA,NA,NA,NA,0
Marquette,55077,WI,NA,NA,NA,NA,NA,NA,NA,0
Cabarrus,37025,NC,NA,1,NA,NA,NA,1,NA,2
Fannin,13111,GA,1,2,NA,NA,1,1,NA,5
Floyd,13115,GA,NA,NA,NA,NA,NA,NA,NA,0
McKean,42083,PA,NA,NA,NA,NA,NA,NA,NA,0
Portage,55097,WI,NA,NA,NA,NA,NA,NA,NA,0
Green Lake,55047,WI,NA,NA,NA,NA,NA,NA,NA,0
Lincoln,28085,MS,NA,NA,NA,NA,NA,NA,NA,0
Susquehanna,42115,PA,NA,1,NA,NA,NA,NA,NA,1
McNairy,47109,TN,NA,NA,NA,NA,NA,1,NA,1
Clay,47027,TN,NA,NA,NA,NA,NA,NA,NA,0
Rusk,55107,WI,NA,NA,NA,NA,NA,NA,NA,0
Columbia,55021,WI,NA,NA,NA,NA,NA,NA,NA,0
Leake,28079,MS,NA,NA,NA,NA,NA,NA,NA,0
Oktibbeha,28105,MS,NA,NA,NA,NA,NA,NA,NA,0
Jones,28067,MS,NA,NA,NA,NA,NA,NA,NA,0
Tallahatchie,28135,MS,NA,NA,NA,NA,NA,NA,NA,0
Richland,55103,WI,NA,NA,NA,NA,NA,NA,NA,0
Waupaca,55135,WI,NA,NA,NA,NA,NA,NA,NA,0
Outagamie,55087,WI,NA,NA,NA,NA,NA,NA,NA,0
Lebanon,42075,PA,NA,4,NA,4,1,1,NA,6
Pontotoc,28115,MS,NA,1,NA,NA,NA,NA,NA,1
Scott,28123,MS,NA,NA,NA,NA,NA,NA,NA,0
Winston,28159,MS,NA,NA,NA,NA,NA,NA,NA,0
Grenada,28043,MS,NA,NA,NA,NA,NA,NA,NA,0
Van Buren,47175,TN,NA,NA,NA,NA,1,1,NA,2
Cambria,42021,PA,NA,1,NA,NA,NA,1,NA,2
Lycoming,42081,PA,NA,2,NA,2,1,1,NA,4
Choctaw,28019,MS,NA,NA,NA,NA,NA,NA,NA,0
King George,51099,VA,NA,1,NA,NA,1,1,NA,3
Jefferson,42065,PA,NA,NA,NA,NA,NA,NA,NA,0
Bedford,42009,PA,NA,4,NA,4,1,1,NA,6
Henry,51089,VA,NA,NA,NA,NA,NA,NA,NA,0
Snyder,42109,PA,NA,8,1,5,1,1,NA,11
Wyoming,42131,PA,NA,NA,NA,NA,NA,NA,NA,0
Grayson,51077,VA,NA,NA,NA,NA,1,1,NA,2
Barnwell,45011,SC,NA,1,NA,NA,NA,1,NA,2
Saluda,45081,SC,NA,NA,NA,NA,NA,NA,NA,0
Chester,45023,SC,NA,NA,NA,NA,NA,1,NA,1
Milwaukee,55079,WI,NA,NA,NA,NA,1,1,NA,2
La Crosse,55063,WI,NA,NA,NA,NA,NA,NA,NA,0
Vernon,55123,WI,NA,NA,NA,NA,NA,NA,NA,0
Auglaize,39011,OH,NA,NA,NA,NA,NA,NA,NA,0
Fairfield,39045,OH,NA,NA,NA,NA,NA,NA,NA,0
Decatur,47039,TN,NA,NA,NA,NA,NA,NA,NA,0
Wolfe,21237,KY,NA,NA,NA,NA,NA,NA,NA,0
Magoffin,21153,KY,NA,NA,NA,NA,NA,NA,NA,0
Montgomery,51121,VA,NA,NA,NA,NA,NA,1,NA,1
Stark,39151,OH,NA,NA,NA,NA,1,1,NA,2
Highland,39071,OH,NA,NA,NA,NA,1,1,NA,2
Hancock,39063,OH,NA,NA,NA,NA,NA,NA,NA,0
Trimble,21223,KY,NA,NA,NA,NA,NA,NA,NA,0
Henry,21103,KY,NA,NA,NA,NA,NA,NA,NA,0
Manassas,51683,VA,NA,NA,NA,NA,NA,NA,NA,0
Cumberland,51049,VA,NA,NA,NA,NA,1,1,NA,2
Charlottesville,51540,VA,NA,NA,NA,NA,NA,NA,NA,0
Henry,39069,OH,NA,NA,NA,NA,NA,NA,NA,0
Knox,39083,OH,NA,NA,NA,NA,NA,NA,NA,0
Marion,39101,OH,NA,NA,NA,NA,NA,NA,NA,0
Morrow,39117,OH,NA,NA,NA,NA,NA,NA,NA,0
Geauga,39055,OH,NA,NA,NA,NA,NA,NA,NA,0
Kennebec,23011,ME,NA,2,NA,2,1,1,NA,4
Charles City,51036,VA,NA,4,NA,1,1,1,NA,6
Craig,51045,VA,NA,NA,NA,NA,NA,NA,NA,0
Emporia,51595,VA,NA,NA,NA,NA,NA,NA,NA,0
Fairfax,51600,VA,NA,NA,NA,NA,NA,NA,NA,0
Lexington,51678,VA,NA,NA,NA,NA,NA,NA,NA,0
Madison,39097,OH,NA,NA,NA,NA,NA,NA,NA,0
Ashland,39005,OH,NA,NA,NA,NA,NA,1,NA,1
Coshocton,39031,OH,NA,NA,NA,NA,NA,1,NA,1
Fayette,39047,OH,NA,NA,NA,NA,NA,NA,NA,0
Newaygo,26123,MI,NA,NA,NA,NA,NA,NA,NA,0
Mecosta,26107,MI,NA,NA,NA,NA,NA,NA,NA,0
Gratiot,26057,MI,NA,NA,NA,NA,NA,NA,NA,0
Clinton,26037,MI,NA,NA,NA,NA,NA,NA,NA,0
Wayne,36117,NY,NA,NA,NA,NA,NA,NA,NA,0
St. Lawrence,36089,NY,NA,NA,NA,NA,1,1,NA,2
Covington,51580,VA,NA,NA,NA,NA,NA,NA,NA,0
Norton,51720,VA,NA,NA,NA,NA,NA,NA,NA,0
Osceola,26133,MI,NA,NA,NA,NA,NA,NA,NA,0
Crawford,26039,MI,NA,NA,NA,NA,NA,NA,NA,0
Vance,37181,NC,NA,NA,NA,NA,NA,NA,NA,0
Rockingham,37157,NC,NA,NA,NA,NA,1,1,NA,2
Clermont,39025,OH,NA,NA,NA,NA,1,1,1,3
Darke,39037,OH,NA,NA,NA,NA,NA,NA,NA,0
Macon,47111,TN,NA,NA,NA,NA,NA,NA,NA,0
Richmond,36085,NY,NA,13,NA,11,1,1,NA,15
Tallapoosa,01123,AL,NA,NA,NA,NA,NA,NA,NA,0
Clay,18021,IN,NA,NA,NA,NA,NA,NA,NA,0
Cumberland,21057,KY,NA,NA,NA,NA,NA,NA,NA,0
Midland,26111,MI,NA,NA,NA,NA,NA,NA,NA,0
Walton,13297,GA,NA,1,NA,1,NA,1,NA,2
Talbot,13263,GA,NA,NA,NA,NA,NA,NA,NA,0
Tift,13277,GA,NA,NA,NA,NA,NA,NA,NA,0
Fayette,47047,TN,NA,NA,NA,NA,NA,NA,NA,0
Alleghany,37005,NC,NA,NA,NA,NA,1,1,NA,2
Fayette,17051,IL,NA,NA,NA,NA,NA,NA,NA,0
Giles,51071,VA,NA,NA,NA,NA,NA,1,NA,1
Norfolk,51710,VA,NA,2,NA,1,NA,NA,NA,2
Grand Isle,50013,VT,NA,NA,NA,NA,NA,NA,NA,0
Lamar,28073,MS,NA,NA,NA,NA,NA,NA,NA,0
Piatt,17147,IL,NA,NA,NA,NA,NA,1,NA,1
Lee,17103,IL,NA,NA,NA,NA,NA,NA,NA,0
Scott,17171,IL,NA,NA,NA,NA,NA,NA,NA,0
Rock,55105,WI,NA,NA,NA,NA,NA,NA,NA,0
Union,42119,PA,NA,7,NA,6,1,1,NA,9
Winnebago,55139,WI,NA,NA,NA,NA,NA,NA,NA,0
Clark,55019,WI,NA,NA,NA,NA,NA,NA,NA,0
Jasper,13159,GA,NA,NA,NA,NA,NA,NA,NA,0
Saline,17165,IL,NA,NA,NA,NA,NA,NA,NA,0
Decatur,18031,IN,NA,NA,NA,NA,NA,1,NA,1
Brown,17009,IL,NA,NA,NA,NA,NA,NA,NA,0
Marion,18097,IN,NA,NA,NA,NA,NA,NA,NA,0
Elk,42047,PA,NA,1,NA,NA,NA,1,NA,2
Lake,26085,MI,NA,1,NA,NA,NA,NA,NA,1
Chickasaw,28017,MS,NA,NA,NA,NA,NA,NA,NA,0
Chambers,01017,AL,NA,NA,NA,NA,NA,NA,NA,0
Boone,17007,IL,NA,NA,NA,NA,NA,NA,NA,0
LaPorte,18091,IN,NA,4,NA,1,1,1,NA,6
Lee,37105,NC,NA,6,NA,1,1,1,NA,8
Paulding,13223,GA,NA,NA,NA,NA,NA,NA,NA,0
Lenoir,37107,NC,NA,NA,NA,NA,NA,NA,NA,0
Schenectady,36093,NY,1,NA,NA,NA,NA,NA,NA,1
Orange,37135,NC,NA,1,NA,NA,1,1,NA,3
Rockland,36087,NY,3,1,NA,1,1,1,NA,6
Fayette,01057,AL,NA,NA,NA,NA,NA,NA,NA,0
Benzie,26019,MI,NA,NA,NA,NA,NA,1,NA,1
Macon,13193,GA,NA,NA,NA,NA,NA,NA,NA,0
Duplin,37061,NC,NA,2,NA,NA,NA,1,NA,3
Franklin,17055,IL,NA,NA,NA,NA,NA,NA,NA,0
Cannon,47015,TN,NA,NA,NA,NA,NA,1,NA,1
Schuylkill,42107,PA,NA,4,NA,3,1,1,NA,6
Houston,47083,TN,NA,NA,NA,NA,NA,NA,NA,0
Union,34039,NJ,NA,4,NA,1,1,1,NA,6
Lake,39085,OH,NA,2,NA,NA,1,1,NA,4
Chatham,37037,NC,NA,NA,NA,NA,NA,1,NA,1
Monroe,55081,WI,NA,NA,NA,NA,NA,NA,NA,0
Hardeman,47069,TN,NA,NA,NA,NA,NA,NA,NA,0
Medina,39103,OH,1,NA,NA,NA,NA,NA,NA,1
Logan,39091,OH,NA,NA,NA,NA,NA,NA,NA,0
Wyandot,39175,OH,NA,NA,NA,NA,NA,NA,NA,0
Mercer,39107,OH,NA,NA,NA,NA,NA,NA,NA,0
Beaver,42007,PA,NA,NA,NA,NA,NA,NA,NA,0
Pickaway,39129,OH,NA,NA,NA,NA,NA,1,NA,1
Noble,39121,OH,NA,NA,NA,NA,NA,NA,NA,0
Greene,39057,OH,NA,NA,NA,NA,NA,NA,NA,0
Perry,39127,OH,NA,1,NA,NA,NA,NA,NA,1
Clarke,28023,MS,NA,NA,NA,NA,NA,NA,NA,0
Martin,18101,IN,NA,NA,NA,NA,NA,NA,NA,0
Kane,17089,IL,NA,NA,NA,NA,NA,NA,NA,0
Russell,21207,KY,NA,NA,NA,NA,1,1,NA,2
Chattahoochee,13053,GA,NA,NA,NA,NA,NA,NA,NA,0
Crawford,17033,IL,NA,NA,NA,NA,NA,NA,NA,0
St. Joseph,18141,IN,NA,1,NA,1,1,1,NA,3
Logan,17107,IL,NA,NA,NA,NA,NA,NA,NA,0
Salem,51775,VA,NA,NA,NA,NA,NA,NA,NA,0
LaGrange,18087,IN,NA,NA,NA,NA,NA,NA,NA,0
Penobscot,23019,ME,1,NA,NA,NA,1,1,NA,3
Eaton,26045,MI,NA,NA,NA,NA,NA,NA,NA,0
Tuscaloosa,01125,AL,NA,NA,NA,NA,NA,NA,NA,0
Hillsdale,26059,MI,NA,NA,NA,NA,NA,NA,NA,0
Lapeer,26087,MI,NA,NA,NA,NA,NA,NA,NA,0
Kalamazoo,26077,MI,NA,NA,NA,NA,1,1,NA,2
Wexford,26165,MI,NA,NA,NA,NA,NA,NA,NA,0
Clinton,36019,NY,NA,NA,NA,NA,NA,NA,NA,0
Newport News,51700,VA,NA,NA,NA,NA,1,1,NA,2
Johnson,17087,IL,NA,NA,NA,NA,NA,NA,NA,0
Marshall,17123,IL,NA,NA,NA,NA,NA,NA,NA,0
Yates,36123,NY,NA,1,NA,NA,NA,NA,NA,1
Montgomery,28097,MS,NA,NA,NA,NA,NA,NA,NA,0
Granville,37077,NC,NA,NA,NA,NA,NA,NA,NA,0
Chesapeake,51550,VA,NA,7,NA,4,1,1,NA,9
Alexandria,51510,VA,NA,NA,NA,NA,NA,1,NA,1
Ogle,17141,IL,NA,1,NA,NA,NA,NA,NA,1
Hendricks,18063,IN,NA,NA,NA,NA,NA,NA,NA,0
Tipton,18159,IN,NA,NA,NA,NA,NA,NA,NA,0
Fulton,18049,IN,NA,NA,NA,NA,NA,NA,NA,0
Simpson,28127,MS,NA,NA,NA,NA,NA,NA,NA,0
Prentiss,28117,MS,NA,NA,NA,NA,NA,NA,NA,0
Panola,28107,MS,NA,NA,NA,NA,NA,NA,NA,0
Lawrence,42073,PA,NA,NA,NA,NA,1,1,NA,2
Douglas,55031,WI,NA,1,NA,NA,NA,NA,NA,1
DeKalb,18033,IN,NA,NA,NA,NA,NA,NA,NA,0
Franklin,28037,MS,NA,NA,NA,NA,NA,NA,NA,0
Jefferson,28063,MS,NA,NA,NA,NA,NA,NA,NA,0
Iowa,55049,WI,NA,NA,NA,NA,NA,NA,NA,0
Hillsborough,33011,NH,9,5,NA,3,1,1,NA,16
Vermilion,17183,IL,NA,NA,NA,NA,NA,NA,NA,0
Kankakee,17091,IL,NA,NA,NA,NA,NA,NA,NA,0
Barren,21009,KY,NA,NA,NA,NA,NA,NA,NA,0
Vermillion,18165,IN,NA,1,NA,NA,NA,NA,NA,1
Lyon,21143,KY,NA,NA,NA,NA,NA,NA,NA,0
Montgomery,21173,KY,NA,NA,NA,NA,NA,NA,NA,0
Bland,51021,VA,NA,1,NA,NA,1,1,NA,3
Wythe,51197,VA,NA,3,NA,NA,1,1,NA,5
Marion,17121,IL,NA,NA,NA,NA,NA,NA,NA,0
Hickman,21105,KY,NA,NA,NA,NA,1,1,NA,2
Greene,51079,VA,NA,2,NA,2,1,1,NA,4
Roscommon,26143,MI,NA,NA,NA,NA,NA,NA,NA,0
Richmond,51760,VA,NA,NA,NA,NA,NA,NA,NA,0
Nottoway,51135,VA,NA,1,NA,NA,1,1,NA,3
DeKalb,17037,IL,NA,NA,NA,NA,NA,NA,NA,0
Williamson,17199,IL,NA,NA,NA,NA,NA,NA,NA,0
Ford,17053,IL,NA,NA,NA,NA,NA,NA,NA,0
Colonial Heights,51570,VA,NA,NA,NA,NA,NA,NA,NA,0
Dodge,55027,WI,NA,NA,NA,NA,NA,NA,NA,0
Chippewa,55017,WI,NA,NA,NA,NA,NA,NA,NA,0
Clinton,21053,KY,NA,NA,NA,NA,NA,1,NA,1
Walker,01127,AL,NA,NA,NA,NA,NA,NA,NA,0
Union,28145,MS,NA,NA,NA,NA,1,1,NA,2
Forrest,28035,MS,NA,NA,NA,NA,NA,NA,NA,0
Covington,28031,MS,NA,NA,NA,NA,NA,NA,NA,0
Forest,55041,WI,NA,NA,NA,NA,NA,NA,NA,0
Dunn,55033,WI,NA,NA,NA,NA,NA,NA,NA,0
Dutchess,36027,NY,5,NA,NA,NA,1,1,NA,7
Coffee,13069,GA,NA,NA,NA,NA,NA,NA,NA,0
Jasper,28061,MS,NA,NA,NA,NA,NA,NA,NA,0
Lee,01081,AL,NA,2,NA,NA,1,1,NA,4
Northeastern Connecticut,09150,CT,5,10,NA,5,NA,NA,NA,15
Shawano,55115,WI,NA,NA,NA,NA,NA,NA,NA,0
Tippecanoe,18157,IN,NA,NA,NA,NA,NA,1,NA,1
Butts,13035,GA,NA,NA,NA,NA,NA,NA,NA,0
Forsyth,13117,GA,NA,1,NA,NA,1,1,NA,3
Jackson,17077,IL,NA,NA,NA,NA,1,1,NA,2
Spalding,13255,GA,NA,NA,NA,NA,NA,1,NA,1
Candler,13043,GA,NA,NA,NA,NA,NA,1,NA,1
Adams,17001,IL,NA,1,NA,1,NA,NA,NA,1
Jessamine,21113,KY,NA,NA,NA,NA,NA,NA,NA,0
Pendleton,21191,KY,NA,NA,NA,NA,NA,NA,NA,0
Irwin,13155,GA,NA,NA,NA,NA,NA,NA,NA,0
Turner,13287,GA,NA,NA,NA,NA,NA,NA,NA,0
Simpson,21213,KY,NA,NA,NA,NA,NA,NA,NA,0
Dane,55025,WI,NA,NA,NA,NA,NA,NA,NA,0
Trigg,21221,KY,NA,NA,NA,NA,NA,1,NA,1
Polk,47139,TN,NA,NA,NA,NA,1,1,NA,2
Pickett,47137,TN,NA,NA,NA,NA,NA,1,NA,1
Evans,13109,GA,NA,NA,NA,NA,NA,NA,NA,0
Baker,13007,GA,NA,NA,NA,NA,NA,NA,NA,0
Butler,39017,OH,1,NA,NA,NA,NA,NA,NA,1
Perry,28111,MS,NA,NA,NA,NA,NA,NA,NA,0
Fulton,36035,NY,NA,NA,NA,NA,NA,NA,NA,0
Lawrence,47099,TN,NA,NA,NA,NA,NA,NA,NA,0
Hardin,17069,IL,NA,NA,NA,NA,NA,NA,NA,0
Crawford,39033,OH,NA,NA,NA,NA,NA,NA,NA,0
Columbia,42037,PA,NA,4,NA,4,1,1,NA,6
Marion,28091,MS,NA,NA,NA,NA,NA,NA,NA,0
Clay,28025,MS,NA,NA,NA,NA,NA,NA,NA,0
Fulton,21075,KY,NA,NA,NA,NA,NA,NA,NA,0
Bristol,51520,VA,NA,NA,NA,NA,NA,NA,NA,0
Franklin,50011,VT,1,NA,NA,NA,NA,NA,NA,1
Burnett,55013,WI,NA,NA,NA,NA,NA,NA,NA,0
Waynesboro,51820,VA,NA,NA,NA,NA,NA,NA,NA,0
Lincoln,55069,WI,NA,NA,NA,NA,NA,NA,NA,0
Cleburne,01029,AL,NA,NA,NA,NA,1,1,NA,2
Forsyth,37067,NC,NA,5,NA,1,NA,1,NA,6
Missaukee,26113,MI,NA,NA,NA,NA,NA,NA,NA,0
Franklin,37069,NC,NA,NA,NA,NA,1,1,NA,2
Ross,39141,OH,NA,NA,NA,NA,NA,NA,NA,0
Newton,18111,IN,NA,NA,NA,NA,NA,NA,NA,0
Allegan,26005,MI,NA,2,NA,NA,1,1,NA,4
Hawkins,47073,TN,NA,NA,NA,NA,NA,NA,NA,0
Greensville,51081,VA,NA,NA,NA,NA,1,1,NA,2
Iredell,37097,NC,NA,1,NA,1,1,1,NA,3
Blair,42013,PA,NA,NA,NA,NA,1,1,NA,2
Jennings,18079,IN,NA,3,NA,3,1,1,NA,5
Stephens,13257,GA,NA,NA,NA,NA,NA,NA,NA,0
Hancock,23009,ME,NA,NA,NA,NA,NA,1,NA,1
Ingham,26065,MI,NA,NA,NA,NA,NA,NA,NA,0
Bartholomew,18005,IN,NA,1,NA,1,1,1,NA,3
Unicoi,47171,TN,NA,NA,NA,NA,NA,NA,NA,0
Venango,42121,PA,NA,NA,NA,NA,NA,NA,NA,0
Putnam,39137,OH,NA,NA,NA,NA,NA,NA,NA,0
Ogemaw,26129,MI,NA,NA,NA,NA,NA,NA,NA,0
Upson,13293,GA,NA,NA,NA,NA,NA,NA,NA,0
Lafayette,28071,MS,1,NA,NA,NA,NA,NA,NA,1
Washington,37187,NC,NA,1,NA,NA,NA,NA,NA,1
Boone,21015,KY,NA,1,NA,NA,NA,NA,NA,1
Athens,39009,OH,1,NA,NA,NA,NA,NA,NA,1
Jersey,17083,IL,NA,NA,NA,NA,NA,NA,NA,0
Jefferson,17081,IL,NA,NA,NA,NA,NA,NA,NA,0
Douglas,17041,IL,NA,NA,NA,NA,NA,NA,NA,0
Washington,50023,VT,NA,1,NA,NA,NA,1,NA,2
Falls Church,51610,VA,NA,3,NA,1,NA,1,NA,4
Hart,13147,GA,NA,NA,NA,NA,NA,NA,NA,0
Dubois,18037,IN,NA,NA,NA,NA,NA,NA,NA,0
Marathon,55073,WI,NA,NA,NA,NA,NA,NA,NA,0
Henry,01067,AL,NA,NA,NA,NA,NA,NA,NA,0
Shelby,17173,IL,NA,NA,NA,NA,NA,NA,NA,0
Windham,50025,VT,2,5,NA,4,1,1,NA,9
Bradley,47011,TN,NA,NA,NA,NA,NA,NA,NA,0
Coffee,01031,AL,NA,NA,NA,NA,NA,NA,NA,0
Montgomery,39113,OH,NA,NA,NA,NA,NA,NA,NA,0
Gaston,37071,NC,NA,NA,NA,NA,NA,1,NA,1
Morgan,47129,TN,NA,NA,NA,NA,NA,1,NA,1
Scioto,39145,OH,NA,NA,NA,NA,1,1,NA,2
Arlington,51013,VA,NA,1,NA,1,1,1,NA,3
Fulton,39051,OH,NA,NA,NA,NA,NA,1,NA,1
Dougherty,13095,GA,NA,NA,NA,NA,NA,NA,NA,0
Clarke,13059,GA,NA,2,NA,NA,1,1,NA,4
Adams,42001,PA,NA,2,NA,2,1,1,NA,4
Sheboygan,55117,WI,NA,NA,NA,NA,NA,NA,NA,0
Ben Hill,13017,GA,NA,NA,NA,NA,NA,NA,NA,0
Ontonagon,26131,MI,NA,NA,NA,NA,NA,NA,NA,0
Calhoun,13037,GA,NA,NA,NA,NA,NA,NA,NA,0
Belknap,33001,NH,8,6,NA,1,1,1,NA,16
Peach,13225,GA,NA,NA,NA,NA,NA,NA,NA,0
Greene,17061,IL,NA,NA,NA,NA,NA,NA,NA,0
Tishomingo,28141,MS,NA,NA,NA,NA,NA,NA,NA,0
Tuscarawas,39157,OH,NA,NA,NA,NA,NA,NA,NA,0
Paulding,39125,OH,NA,NA,NA,NA,NA,NA,NA,0
Metcalfe,21169,KY,NA,NA,NA,NA,1,1,NA,2
Warrick,18173,IN,1,NA,NA,NA,NA,NA,NA,1
Peoria,17143,IL,NA,NA,NA,NA,NA,NA,NA,0
Calloway,21035,KY,NA,NA,NA,NA,NA,1,NA,1
Dooly,13093,GA,NA,NA,NA,NA,NA,NA,NA,0
Jefferson Davis,28065,MS,NA,NA,NA,NA,NA,NA,NA,0
Todd,21219,KY,NA,NA,NA,NA,NA,NA,NA,0
Franklin,47051,TN,NA,NA,NA,NA,NA,NA,NA,0
Bennington,50003,VT,NA,1,NA,NA,1,1,NA,3
Wyoming,36121,NY,NA,NA,NA,NA,NA,NA,NA,0
Christian,21047,KY,NA,NA,NA,NA,NA,NA,NA,0
Lawrence,18093,IN,NA,NA,NA,NA,NA,NA,NA,0
Wells,18179,IN,NA,NA,NA,NA,NA,NA,NA,0
Kenosha,55059,WI,NA,NA,NA,NA,NA,NA,NA,0
Polk,55095,WI,NA,NA,NA,NA,NA,NA,NA,0
Washburn,55129,WI,NA,NA,NA,NA,NA,NA,NA,0
McHenry,17111,IL,NA,NA,NA,NA,NA,NA,NA,0
Blackford,18009,IN,NA,NA,NA,NA,NA,NA,NA,0
Jackson,39079,OH,NA,NA,NA,NA,1,1,NA,2
Fulton,42057,PA,NA,10,NA,7,1,1,NA,12
Abbeville,45001,SC,NA,NA,NA,NA,NA,NA,NA,0
Grant,21081,KY,NA,NA,NA,NA,NA,NA,NA,0
Oneida,55085,WI,NA,NA,NA,NA,NA,NA,NA,0
Coles,17029,IL,NA,1,NA,NA,NA,1,NA,2
Jefferson,47089,TN,NA,NA,NA,NA,NA,NA,NA,0
Monroe,13207,GA,NA,NA,NA,NA,NA,NA,NA,0
Warren,47177,TN,NA,NA,NA,NA,1,1,NA,2
Trousdale,47169,TN,NA,NA,NA,NA,NA,NA,NA,0
Escambia,01053,AL,NA,NA,NA,NA,NA,NA,NA,0
Chattooga,13055,GA,NA,NA,NA,NA,NA,NA,NA,0
Iroquois,17075,IL,NA,NA,NA,NA,NA,NA,NA,0
Fond du Lac,55039,WI,NA,NA,NA,NA,NA,1,NA,1
Caswell,37033,NC,NA,NA,NA,NA,1,1,NA,2
Wayne,39169,OH,NA,NA,NA,NA,NA,1,NA,1
Portage,39133,OH,1,NA,NA,NA,NA,1,NA,2
Scott,18143,IN,NA,NA,NA,NA,NA,NA,NA,0
Kent,44003,RI,5,6,NA,4,1,1,NA,13
Greene,28041,MS,NA,NA,NA,NA,NA,NA,NA,0
Berks,42011,PA,1,11,NA,9,1,1,NA,14
Lawrence,01079,AL,NA,NA,NA,NA,NA,NA,NA,0
Madison,17119,IL,NA,NA,NA,NA,NA,NA,NA,0
Webster,28155,MS,NA,NA,NA,NA,NA,NA,NA,0
